 ,1990,1991,1992,1993,1994,1995,1996,1997,1998,1999,2000,2001,2002,2003,2004,2005,2006,2007,2008,2009,2010,2011,2012,2013,2014,2015,2016,2017,2018,2019,2020,2021,2022
Afghanistan,"380,400.00","380,300.00","380,300.00","379,340.00","378,130.00","377,630.00","377,570.00","377,950.00","378,680.00","377,640.00","377,940.00","377,950.00","377,900.00","378,840.00","379,280.00","379,170.00","379,100.00","379,140.00","379,160.00","379,160.00","379,170.00","379,150.00","379,140.00","379,100.00","379,100.00","379,100.00","379,100.00","379,100.00","380,100.00","380,100.00","383,130.00","383,130.00",..
Albania,"11,210.00","11,270.00","11,270.00","11,260.00","11,260.00","11,270.00","11,310.00","11,350.00","11,390.00","11,450.00","11,440.00","11,390.00","11,400.00","11,210.00","11,220.00","10,770.00","11,200.00","11,190.00","11,810.00","12,013.00","12,013.00","12,010.00","12,013.00","11,873.00","11,742.90","11,743.00","11,817.00","11,742.80","11,740.80","11,740.00","11,655.60","11,363.30",..
Algeria,"386,760.00","386,220.00","388,650.00","388,620.00","396,400.00","396,490.00","396,360.00","396,900.00","398,260.00","397,310.00","400,210.00","401,090.00","398,550.00","399,057.00","411,450.00","412,110.00","411,810.00","412,520.00","413,090.00","413,800.00","413,740.00","413,880.00","413,981.90","414,316.40","414,310.00","414,564.00","413,602.00","413,351.40","413,388.50","413,160.70","413,160.70","413,160.70",..
American Samoa,19.3,19.6,20,20.3,20.7,21,21.3,21.7,22,22.4,22.7,23,23.3,23.6,23.9,24.2,24.5,24.8,25.1,25.4,25.7,26,26.3,26.6,26.9,27.2,27.5,27.8,28.1,28.4,28.7,29,..
Andorra,230,230,230,230,230,230,230,230,230,230,230,227.5,228.5,228.6,228.1,218,217.8,207.7,207.6,207.7,197.7,197.7,187.6,188.1,188,188.1,188.2,188.2,188.3,188,187.8,187.6,..
Angola,"444,560.00","444,830.00","445,110.00","445,100.00","445,100.00","444,900.00","444,470.00","444,500.00","445,130.00","445,670.00","445,230.00","444,150.00","444,380.00","444,990.00","443,100.00","441,830.00","441,370.00","442,450.00","441,950.00","446,300.00","448,500.00","453,160.00","453,030.00","454,880.00","456,740.00","457,890.00","458,240.00","457,720.00","457,920.00","458,770.00","458,920.00","458,970.00",..
Antigua and Barbuda,90,90,90,90,90,90,90,90,90,90,90,90,90,90,90,90,90,90,90,90,90,90,90,90,90,90,90,90,90,90,90,90,..
Argentina,"1,275,650.00","1,276,600.00","1,277,550.00","1,278,500.00","1,279,480.00","1,280,450.00","1,281,420.00","1,282,350.00","1,283,300.00","1,284,120.00","1,285,100.00","1,286,060.00","1,287,100.00","1,291,033.00","1,294,966.00","1,299,209.00","1,301,389.00","1,299,684.00","1,270,469.00","1,243,284.00","1,262,679.00","1,253,184.00","1,247,419.00","1,229,374.00","1,211,889.00","1,207,394.00","1,189,899.00","1,176,404.00","1,159,577.60","1,165,577.60","1,177,577.60","1,179,577.60",..
Armenia,"11,700.00","11,700.00","11,700.00","11,810.00","12,000.00","12,440.00","13,060.00","13,320.00","13,280.00","13,230.00","13,230.00","13,280.00","13,910.00","14,440.00","15,050.00","16,050.00","17,564.00","17,519.00","17,488.00","17,463.00","17,350.00","16,981.00","16,830.00","16,830.00","16,807.00","16,767.00","16,768.00","16,761.00","16,773.00","16,770.00","16,760.00","16,748.20",..
Aruba,20,20,20,20,20,20,20,20,20,20,20,20,20,20,20,20,20,20,20,20,20,20,20,20,20,20,20,20,20,20,20,20,..
Australia,"4,644,370.00","4,627,820.00","4,660,040.00","4,600,970.00","4,691,430.00","4,633,880.00","4,652,300.00","4,622,330.00","4,638,810.00","4,536,930.00","4,554,690.00","4,557,000.00","4,470,000.00","4,395,000.00","3,949,060.00","4,102,300.00","4,093,020.00","3,983,555.00","3,892,880.00","3,842,570.00","3,763,720.00","3,961,210.00","3,870,760.00","3,717,750.00","3,744,230.00","3,481,190.00","3,426,020.00","3,718,370.00","3,588,950.00","3,624,770.00","3,557,750.00","3,635,190.00",..
Austria,"30,239.00","30,369.00","30,130.00","29,990.00","29,941.00","29,811.00","29,733.00","29,646.00","29,599.00","29,552.00","29,402.00","29,161.00","29,022.00","28,852.30","28,674.00","28,568.00","28,433.00","28,301.00","28,094.00","27,950.00","27,792.00","27,573.00","27,352.00","27,164.00","27,142.00","27,184.50","26,701.70","26,546.20","26,528.30","26,512.10","26,026.70","25,974.60",..
Azerbaijan,"44,462.00","44,462.00","44,462.00","44,566.00","44,860.00","44,891.00","45,262.00","45,887.00","46,821.00","46,924.00","47,404.00","47,456.00","47,449.00","47,546.00","47,549.00","47,586.00","47,560.00","47,565.00","47,567.00","47,573.00","47,668.00","47,687.00","47,683.00","47,698.00","47,697.00","47,698.00","47,730.00","47,775.00","47,795.00","47,797.00","47,801.00","47,806.00",..
"Bahamas, The",110,110,110,110,100,100,100,100,100,100,110,110,110,110,110,110,110,110,110,110,120,130,130,130,130,130,130,130,130,130,130,130,..
Bahrain,100,100,100,100,100,100,100,100,100,100,99,97.9,96.9,95.8,94.8,93.7,92.7,91.6,90.6,89.5,88.5,87.4,86.4,85.3,84.3,83.2,82.2,81.1,81,81,81,81,..
Bangladesh,"103,860.00","103,200.00","95,490.00","94,460.00","93,580.00","93,740.00","93,270.00","93,650.00","94,340.00","94,860.00","94,000.00","94,030.00","93,530.00","93,280.00","93,230.00","93,110.00","92,800.00","92,660.00","92,530.00","92,460.00","92,410.00","91,280.00","91,230.00","92,780.00","93,200.00","94,342.40","95,172.10","95,613.30","96,273.00","98,720.00","99,280.00","100,680.00",..
Barbados,190,190,190,190,190,190,190,190,190,180,180,180,170,170,160,160,160,160,160,160,150,140,130,125,120,110,100,100,100,100,100,100,..
Belarus,"93,910.00","93,910.00","93,910.00","93,540.00","93,460.00","93,390.00","93,330.00","93,060.00","93,070.00","92,810.00","92,520.00","91,280.00","90,250.00","89,860.00","89,570.00","89,490.00","89,580.00","89,160.00","89,170.00","89,270.00","88,980.00","88,750.00","87,960.00","87,112.00","86,239.00","85,742.00","85,327.00","84,940.00","84,530.00","83,870.00","82,810.00","81,740.00",..
Belgium,"14,430.00","14,230.00","14,710.00","14,830.00","14,920.00","14,950.00","15,010.00","15,100.00","15,180.00","15,210.00","13,896.00","13,868.00","13,891.00","13,922.00","13,913.00","13,830.00","13,800.00","13,669.00","13,653.00","13,636.00","13,557.00","13,357.00","13,320.00","13,365.00","13,313.00","13,280.00","13,508.00","13,270.00","13,540.00","13,564.20","13,646.10","13,656.70",..
Belize,"1,260.00","1,300.00","1,360.00","1,430.00","1,430.00","1,460.00","1,470.00","1,480.00","1,480.00","1,500.00","1,490.00","1,490.00","1,520.00","1,520.00","1,520.00","1,520.00","1,520.00","1,520.00","1,520.00","1,550.00","1,570.00","1,570.00","1,600.00","1,600.00","1,600.00","1,700.00","1,700.00","1,720.00","1,720.00","1,740.00","1,800.00","1,820.00",..
Benin,"22,700.00","22,800.00","22,950.00","23,200.00","24,000.00","25,200.00","27,100.00","28,900.00","30,500.00","31,100.00","31,950.00","32,650.00","33,650.00","34,670.00","34,670.00","34,840.00","33,400.00","33,500.00","35,500.00","36,500.00","36,500.00","36,500.00","37,500.00","39,500.00","39,500.00","39,500.00","39,500.00","39,500.00","39,500.00","39,500.00","39,500.00","39,500.00",..
Bermuda,3,3,3,3,3,4,4,4,4,4,4,4,4,4,4,4,4,4,3,3,3,3,3,3,3,3,3,3,3,3,3,3,..
Bhutan,"4,540.00","5,040.00","5,040.00","5,050.00","5,090.00","5,650.00","5,700.00","5,720.00","5,720.00","5,720.00","5,780.00","5,790.00","5,800.00","5,830.00","5,840.00","5,930.00","5,770.00","5,630.00","5,213.00","5,200.00","5,200.00","5,196.00","5,196.00","5,196.00","5,256.00","5,256.00","5,190.00","5,130.00","5,130.00","5,130.00","5,130.00","5,130.00",..
Bolivia,"354,550.00","357,960.00","358,310.00","362,130.00","363,510.00","366,000.00","366,840.00","368,740.00","369,820.00","370,690.00","371,430.00","371,560.00","373,110.00","366,470.00","366,170.00","369,620.00","370,985.00","371,960.00","372,815.00","373,670.00","374,525.00","375,440.00","376,405.00","377,380.00","377,488.40","377,498.40","377,852.30","376,715.50","378,766.00","379,954.20","380,076.70","381,193.70",..
Bosnia and Herzegovina,"22,000.00","22,000.00","22,000.00","21,900.00","21,800.00","21,750.00","21,700.00","21,650.00","21,600.00","21,050.00","21,300.00","21,260.00","21,230.00","21,690.00","21,694.00","21,570.00","21,590.00","21,490.00","21,300.00","21,280.00","21,440.00","21,510.00","21,560.00","21,610.00","21,570.00","21,760.00","22,090.00","22,280.00","22,110.00","22,160.00","22,420.00","22,630.00",..
Botswana,"260,210.00","259,010.00","258,510.00","259,510.00","259,960.00","259,460.00","259,460.00","259,010.00","258,310.00","258,410.00","259,510.00","258,010.00","258,460.00","257,960.00","258,270.00","258,150.00","258,030.00","257,840.00","258,810.00","259,180.00","258,610.00","259,260.00","258,870.00","258,820.00","260,040.00","258,616.00","258,616.00","258,616.00","258,616.00","258,620.00","258,620.00","258,620.00",..
Brazil,"2,349,000.00","2,334,802.00","2,320,604.00","2,306,406.00","2,292,208.00","2,278,050.00","2,279,087.00","2,280,124.00","2,281,161.00","2,282,198.00","2,283,235.00","2,284,272.00","2,285,309.00","2,286,346.00","2,287,383.00","2,288,420.00","2,289,510.00","2,296,718.00","2,303,926.00","2,311,134.00","2,318,342.00","2,325,550.00","2,332,758.00","2,339,966.00","2,347,174.00","2,354,382.00","2,361,590.00","2,368,786.00","2,375,018.00","2,381,244.90","2,387,470.80","2,393,695.60",..
British Virgin Islands,80,80,80,80,80,80,80,80,80,70,70,70,70,70,70,70,70,70,70,70,70,70,70,70,70,70,70,70,70,70,70,70,..
Brunei Darussalam,130,130,130,130,130,120,120,120,120,120,120,130,130,130,130,130,123,124,124,134,134,134,134,134,134,134,134,134,134,134,134,134,..
Bulgaria,"61,590.00","61,610.00","61,540.00","61,210.00","61,590.00","61,640.00","61,640.00","62,030.00","56,450.00","56,790.00","55,820.00","54,980.00","53,250.00","53,260.00","53,300.00","52,650.00","51,900.00","51,160.00","51,010.00","50,300.00","50,520.00","50,880.00","51,230.00","49,950.00","49,770.00","50,119.00","50,210.00","50,295.20","50,300.00","50,370.00","50,470.00","50,466.00",..
Burkina Faso,"95,750.00","95,500.00","95,250.00","95,000.00","94,310.00","94,500.00","95,500.00","98,500.00","99,700.00","100,660.00","101,630.00","102,630.00","103,610.00","104,580.00","105,710.00","106,830.00","107,900.00","108,910.00","109,995.00","111,120.00","112,420.00","114,130.00","115,390.00","117,250.00","118,500.00","119,860.00","121,020.00","122,170.00","124,130.00","125,190.00","126,140.00","127,400.00",..
Burundi,"20,820.00","20,770.00","20,820.00","20,770.00","20,730.00","20,370.00","19,930.00","19,520.00","19,130.00","18,870.00","18,670.00","18,510.00","18,340.00","18,330.00","18,480.00","18,190.00","18,220.00","18,250.00","18,280.00","18,310.00","18,330.00","18,410.00","18,600.00","18,870.00","19,140.00","19,410.00","19,680.00","19,950.00","20,220.00","20,490.00","20,760.00","21,030.00",..
Cabo Verde,680,680,690,690,690,700,700,720,720,720,720,740,750,750,760,760,760,760,780,780,780,790,790,790,790,790,790,790,790,790,790,790,..
Cambodia,"44,550.00","45,100.00","45,150.00","45,310.00","45,700.00","45,700.00","45,800.00","45,800.00","46,300.00","46,400.00","47,700.00","48,900.00","50,000.00","51,000.00","52,300.00","53,560.00","53,550.00","53,550.00","53,550.00","53,550.00","54,030.00","54,506.90","55,323.70","55,721.20","56,018.80","56,476.30","57,003.80","57,841.30","58,558.80","59,506.40","60,453.90","60,991.40",..
Cameroon,"91,700.00","91,500.00","91,600.00","91,600.00","91,600.00","91,600.00","91,600.00","91,600.00","91,600.00","91,600.00","91,600.00","91,600.00","91,600.00","91,600.00","92,100.00","92,130.00","92,130.00","92,130.00","92,630.00","93,130.00","97,000.00","97,500.00","97,500.00","97,500.00","97,500.00","97,500.00","97,500.00","97,500.00","97,500.00","97,500.00","97,500.00","97,500.00",..
Canada,"614,030.00","615,332.50","614,650.00","613,970.00","613,290.00","612,610.00","611,920.00","612,150.00","612,390.00","612,630.00","612,870.00","613,081.60","620,910.00","619,460.00","618,010.00","616,560.00","605,840.00","600,080.00","594,320.00","588,560.00","582,800.00","576,997.00","577,710.00","578,420.00","579,130.00","579,850.00","580,500.00","578,676.00","578,892.00","576,878.00","571,174.00","569,910.00",..
Cayman Islands,27,27,27,27,27,27,27,27,27,27,27,27,27,27,27,27,27,27,27,27,27,27,27,27,27,27,27,27,27,27,27,27,..
Central African Republic,"49,560.00","49,580.00","49,600.00","49,600.00","49,600.00","49,500.00","49,500.00","49,500.00","49,500.00","49,500.00","49,520.00","49,520.00","49,520.00","49,450.00","49,450.00","49,450.00","49,400.00","49,400.00","49,400.00","49,360.00","49,070.00","48,750.00","48,800.00","48,860.00","49,070.00","49,070.00","49,070.00","49,070.00","49,090.00","49,090.00","49,090.00","49,100.00",..
Chad,"483,000.00","483,500.00","483,700.00","484,000.00","484,200.00","484,500.00","484,300.00","486,300.00","486,300.00","486,300.00","486,300.00","487,300.00","487,300.00","488,300.00","488,300.00","489,300.00","489,300.00","489,310.00","489,310.00","490,350.00","492,350.00","493,350.00","496,850.00","500,360.00","502,360.00","502,370.00","503,380.00","503,380.00","503,380.00","503,380.00","503,380.00","503,380.00",..
Channel Islands,85,85,85,84,84,84,84,81,80,79,79,75,74,74,75,76,84,82,81,88,91.1,96.1,95.6,94.6,95.2,92.6,92.9,92.2,85.7,85.7,85.7,85.7,..
Chile,"158,990.00","157,890.00","155,560.00","154,770.00","154,500.00","153,300.00","152,320.00","152,220.00","152,190.00","150,600.00","151,100.00","151,500.00","155,650.00","154,250.00","159,350.00","158,850.00","158,000.00","157,320.00","153,654.70","149,989.50","146,314.20","142,649.00","138,983.70","135,318.50","131,653.20","127,977.90","124,312.70","120,647.40","116,982.20","113,306.90","109,641.60","105,955.40",..
China,"5,056,940.00","5,113,790.00","5,143,140.00","5,182,230.00","5,228,330.00","5,228,330.00","5,228,720.00","5,228,722.50","5,228,725.00","5,228,727.50","5,228,730.00","5,234,668.40","5,240,606.90","5,246,545.30","5,252,483.80","5,258,422.20","5,264,360.70","5,270,299.10","5,276,237.60","5,282,176.00","5,274,623.00","5,267,130.00","5,259,607.00","5,252,084.00","5,244,561.00","5,237,038.00","5,229,515.00","5,221,992.00","5,214,469.00","5,206,950.00","5,206,950.00","5,206,950.00",..
Colombia,"450,830.00","448,840.00","449,830.00","449,030.00","448,650.00","445,130.00","449,200.00","450,820.00","455,430.00","456,680.00","448,590.00","417,450.00","416,070.00","420,510.00","423,910.00","425,570.00","421,740.00","424,360.00","426,140.00","425,400.00","425,030.00","417,210.00","426,176.00","448,156.00","448,000.00","447,844.00","447,688.00","434,870.00","440,480.00","443,540.00","440,522.80","427,180.00",..
Comoros,"1,140.00","1,150.00","1,150.00","1,180.00","1,200.00","1,220.00","1,240.00","1,260.00","1,260.00","1,270.00","1,280.00","1,300.00","1,310.00","1,320.00","1,330.00","1,330.00","1,330.00","1,330.00","1,330.00","1,330.00","1,330.00","1,330.00","1,330.00","1,330.00","1,330.00","1,330.00","1,330.00","1,330.00","1,330.00","1,330.00","1,330.00","1,330.00",..
"Congo, Dem. Rep.","259,600.00","259,800.00","260,000.00","260,000.00","260,000.00","258,000.00","258,000.00","257,000.00","257,000.00","256,000.00","256,000.00","255,500.00","255,500.00","255,500.00","255,500.00","255,500.00","255,860.00","256,500.00","257,000.00","268,870.00","284,290.00","296,360.00","308,860.00","314,300.00","322,490.00","324,500.00","326,720.00","333,210.00","335,940.00","338,300.00","338,950.00","338,980.00",..
"Congo, Rep.","105,210.00","105,230.00","105,250.00","105,300.00","105,180.00","105,200.00","105,220.00","105,360.00","105,380.00","105,440.00","105,400.00","105,400.00","105,400.00","105,400.00","105,450.00","105,470.00","105,500.00","105,500.00","105,500.00","105,630.00","105,760.00","105,960.00","106,020.00","106,270.00","106,270.00","106,270.00","106,270.00","106,280.00","106,310.00","106,330.00","106,390.00","106,780.00",..
Costa Rica,"21,986.00","22,036.20","21,600.00","21,130.00","20,950.00","20,480.00","19,950.00","19,530.00","19,150.00","18,880.00","18,400.00","18,330.00","18,260.00","18,290.00","18,220.00","18,050.00","18,150.00","18,000.00","17,930.00","18,160.00","18,190.00","18,190.00","18,120.00","18,010.00","17,850.00","17,915.00","17,770.00","17,810.00","17,825.00","17,760.00","17,860.00","18,110.00",..
Cote d'Ivoire,"189,300.00","189,500.00","192,000.00","195,020.00","197,000.00","198,000.00","198,000.00","197,000.00","197,000.00","196,000.00","196,000.00","196,000.00","196,000.00","196,000.00","200,000.00","202,000.00","203,000.00","206,000.00","206,000.00","206,000.00","206,000.00","206,000.00","207,000.00","212,000.00","213,500.00","222,000.00","219,000.00","220,000.00","231,500.00","232,300.00","233,000.00","235,000.00",..
Croatia,"24,040.00","24,040.00","24,040.00","22,720.00","23,120.00","23,320.00","19,350.00","19,410.00","20,480.00","20,320.00","11,690.00","11,780.00","11,810.00","11,960.00","11,760.00","12,110.00","12,300.00","12,020.00","12,891.00","12,996.00","13,338.00","13,261.00","13,310.00","15,673.00","15,085.00","15,372.00","15,460.00","14,970.00","14,840.00","15,040.00","15,050.00","14,760.00",..
Cuba,"67,410.00","67,550.00","67,750.00","67,300.00","66,860.00","66,840.00","66,150.00","66,870.00","66,740.00","66,600.00","65,540.00","66,560.00","66,540.00","66,380.00","65,280.00","66,370.00","66,300.00","66,200.00","65,670.00","65,138.00","64,612.00","64,078.00","64,056.00","63,423.00","62,788.80","62,403.00","62,267.00","63,000.00","63,000.00","64,010.00","64,010.00","64,010.00",..
Curacao,..,..,..,..,..,..,..,..,..,..,..,..,..,..,..,..,..,..,..,..,..,..,..,..,..,..,..,..,..,..,..,..,..
Cyprus,"1,606.00","1,592.00","1,596.00","1,587.00","1,434.00","1,431.00","1,432.00","1,422.00","1,442.00","1,442.00","1,415.00","1,400.00","1,400.00","1,540.00","1,560.00","1,670.00","1,570.00","1,472.00","1,156.00","1,276.00","1,145.00","1,163.00","1,169.00","1,088.30","1,089.80","1,266.80","1,093.90","1,214.20","1,324.50","1,253.30","1,276.50","1,231.30",..
Czechia,"42,820.00","42,820.00","42,820.00","42,820.00","42,840.00","42,800.00","42,800.00","42,800.00","42,840.00","42,820.00","42,800.00","42,780.00","36,520.60","36,684.20","36,313.90","36,054.90","35,659.50","35,967.00","35,716.10","35,458.70","35,239.20","35,040.40","35,258.90","35,210.00","35,160.00","34,940.00","34,880.00","35,210.00","35,230.00","35,236.60","35,238.70","35,298.00",..
Denmark,"27,880.00","27,700.00","27,560.00","27,390.00","26,910.00","27,260.00","27,160.00","26,880.00","26,720.00","26,440.00","26,470.00","26,760.00","26,650.00","26,580.00","26,460.00","27,070.00","27,100.00","26,630.00","26,680.00","26,340.00","26,260.00","26,900.00","26,240.00","26,280.00","26,526.30","26,339.00","26,251.00","26,313.00","26,325.00","26,259.70","26,199.90","26,180.00",..
Djibouti,"12,990.00","13,365.00","13,715.00","14,015.00","14,015.00","14,516.00","14,816.00","15,016.00","15,016.00","15,516.00","16,016.00","16,816.00","17,016.00","17,017.00","17,017.00","17,017.00","17,020.00","17,022.00","17,019.00","17,020.00","17,023.00","17,028.00","17,028.00","17,028.00","17,028.00","17,028.00","17,028.00","17,028.00","17,028.00","17,029.00","17,039.00","17,039.00",..
Dominica,180,180,180,180,180,170,170,170,170,190,210,220,220,220,220,220,220,220,220,230,250,250,250,250,250,250,250,250,250,250,250,250,..
Dominican Republic,"25,460.00","25,460.00","25,460.00","25,460.00","25,460.00","25,760.00","25,750.00","25,000.00","25,100.00","24,670.00","25,150.00","25,150.00","25,150.00","24,350.00","24,170.00","24,170.00","24,170.00","24,170.00","23,970.00","23,970.00","23,970.00","23,970.00","23,520.00","23,520.00","23,520.00","24,290.00","24,290.00","24,290.00","24,290.00","24,290.00","24,290.00","24,290.00",..
Ecuador,"78,460.00","79,140.00","79,530.00","79,750.00","81,290.00","81,080.00","79,870.00","80,120.00","80,270.00","80,750.00","80,660.00","77,850.00","74,900.00","72,500.00","75,270.00","75,000.00","74,440.00","74,120.00","74,450.00","75,344.00","74,977.00","73,461.00","75,069.00","75,130.00","54,750.00","57,890.00","55,160.00","55,900.00","54,480.00","53,300.00","54,200.00","54,700.00",..
"Egypt, Arab Rep.","26,480.00","26,430.00","29,962.80","30,151.80","30,126.60","32,830.00","31,764.60","32,449.20","32,596.20","34,830.00","32,910.00","33,380.00","34,240.00","34,090.00","34,780.00","35,230.00","35,330.00","35,380.00","35,420.00","36,890.00","36,710.00","36,200.00","36,960.00","37,309.70","37,151.90","37,898.80","37,337.70","38,369.70","38,630.00","39,220.00","39,710.00","40,310.00",..
El Salvador,"12,708.00","12,837.00","13,015.00","12,964.00","12,943.00","12,902.00","12,461.00","12,410.00","12,698.00","12,957.00","12,867.00","12,777.00","12,637.00","12,547.00","12,807.00","12,186.00","12,169.00","12,413.00","12,375.00","12,337.00","12,299.00","12,260.00","12,222.00","12,184.00","12,142.00","12,230.00","12,141.00","12,052.00","11,957.00","11,957.00","11,957.00","11,957.00",..
Equatorial Guinea,"1,038.50","1,038.50","1,048.50","1,028.50","1,028.50","1,028.50","1,038.50","1,048.50","1,028.50","1,028.50","1,028.50","1,028.50","1,028.50","1,028.50","1,028.50","1,029.80","1,031.10","1,032.40","1,033.70","1,035.00","1,036.30","1,037.60","1,038.90","1,040.20","1,041.50","1,042.80","1,044.10","1,045.40","1,046.70","1,048.00","1,049.20","1,049.20",..
Eritrea,..,..,..,"74,000.00","74,060.00","74,070.00","73,380.00","73,600.00","74,670.00","74,670.00","75,300.00","75,320.00","75,320.00","75,670.00","75,000.00","75,220.00","75,720.00","75,720.00","75,720.00","75,920.00","75,920.00","75,920.00","75,920.00","75,920.00","75,920.00","75,920.00","75,920.00","75,920.00","75,920.00","75,920.00","75,920.00","75,920.00",..
Estonia,"13,740.00","13,740.00","13,740.00","13,200.00","11,010.00","9,910.00","10,050.00","10,230.00","10,430.00","10,010.00","9,860.00","8,900.00","6,982.00","8,287.00","7,704.00","8,819.00","8,985.00","9,146.00","9,068.00","9,318.00","9,488.00","9,460.00","9,559.00","9,650.00","9,740.00","9,930.00","10,030.00","9,820.00","9,850.00","9,884.00","9,850.00","9,870.00",..
Eswatini,"12,380.00","12,270.00","12,230.00","12,220.00","12,220.00","12,220.00","12,220.00","12,230.00","12,230.00","12,230.00","12,230.00","12,240.00","12,240.00","12,240.00","12,240.00","12,240.00","12,230.00","12,230.00","12,230.00","12,240.00","12,210.40","12,210.00","12,200.00","12,187.50","12,160.00","12,120.00","12,080.00","12,040.00","12,010.00","11,970.00","11,950.00","11,950.00",..
Ethiopia,"563,120.00","561,580.00","561,050.00","305,400.00","304,720.00","305,000.00","305,000.00","304,920.00","304,490.00","305,570.00","305,340.00","305,590.00","304,980.00","316,070.00","331,010.00","335,910.00","342,190.00","350,770.00","345,130.00","349,850.00","356,830.00","363,252.00","364,880.00","366,990.00","369,100.00","371,210.00","373,320.00","375,401.00","379,030.00","381,900.00","384,761.00","385,950.00",..
Faroe Islands,965.3,965.3,965.3,965.3,965.3,965.2,965,965,964.9,964.9,964.9,964.9,965.4,965.4,965.4,965.4,965.4,965.4,965.4,964.1,964,964,964,964,964.2,964.2,963.5,963.5,963.4,963.4,960.7,960.7,..
Fiji,"4,100.00","4,240.00","4,182.00","4,124.00","4,066.00","4,008.00","3,950.00","3,892.00","3,834.00","3,776.00","3,718.00","3,660.00","3,602.00","3,544.00","3,486.00","3,428.00","3,370.00","3,312.00","3,254.00","3,198.00","3,191.00","3,184.00","3,177.00","3,170.00","3,163.00","3,156.00","3,149.00","3,142.00","3,135.00","3,128.00","3,116.00","3,116.00",..
Finland,"23,930.00","24,248.00","24,065.00","23,837.00","24,119.00","22,440.00","22,180.00","21,500.00","21,920.00","22,014.00","22,180.00","22,220.00","22,360.00","22,460.00","22,530.00","22,738.00","23,008.00","22,949.00","22,964.00","22,965.00","22,919.00","22,866.00","22,851.00","22,585.00","22,671.00","22,734.00","22,750.00","22,700.00","22,720.00","22,740.00","22,700.00","22,680.00",..
France,"305,928.00","304,849.00","303,843.00","302,913.00","302,049.00","301,502.00","300,963.00","300,396.00","299,800.00","299,291.00","298,074.00","297,133.00","296,107.00","295,346.00","294,584.00","293,904.00","293,127.00","292,061.00","291,101.00","290,199.00","289,263.00","288,786.00","288,448.00","287,737.00","287,665.00","287,269.00","287,180.20","286,975.00","286,601.00","286,211.90","285,537.50","285,537.50",..
French Polynesia,430,430,430,430,430,430,430,430,430,430,430,430,450,450,450,450,450,450,450,445,445,455,455,455,455,455,455,465,475,475,485,485,..
Gabon,"20,053.80","20,115.40","20,177.00","20,238.70","20,300.30","20,361.90","20,423.50","20,485.10","20,546.80","20,608.40","20,670.00","20,720.60","20,771.20","20,821.80","20,872.40","20,923.00","20,973.50","21,024.10","21,074.70","21,125.30","21,175.90","21,294.70","21,413.50","21,532.40","21,532.40","21,532.40","21,532.40","21,532.40","21,532.40","21,532.40","21,532.40","21,532.40",..
"Gambia, The","5,820.00","5,820.00","5,480.00","5,470.00","5,570.00","5,570.00","5,570.00","5,570.00","5,670.00","5,670.00","5,060.00","4,840.00","4,910.00","4,710.00","4,780.00","4,850.00","4,960.00","4,960.00","5,660.00","6,220.00","6,440.00","6,440.00","6,440.00","6,440.00","6,440.00","6,440.00","6,440.00","6,340.00","6,340.00","6,340.00","6,340.00","6,340.00",..
Georgia,"32,290.00","32,290.00","32,290.00","31,280.00","30,970.00","30,480.00","30,350.00","30,370.00","30,450.00","29,990.00","30,000.00","30,030.00","30,040.00","30,060.00","24,920.00","25,200.00","25,180.00","25,170.00","25,140.00","24,980.00","24,600.00","24,424.00","24,350.00","24,861.00","24,160.00","24,181.00","23,940.00","23,848.00","23,742.00","23,726.00","23,779.00","23,799.00",..
Germany,"180,320.00","171,360.00","169,510.00","171,620.00","173,080.00","173,430.00","173,370.00","173,270.00","173,730.00","171,520.00","170,680.00","170,340.00","169,670.00","170,010.00","170,130.00","170,310.00","169,460.00","169,500.00","169,210.00","168,860.00","167,000.00","167,190.00","166,640.00","166,970.00","167,250.00","167,310.00","166,590.00","166,870.00","166,450.00","166,660.00","165,950.00","165,910.00",..
Ghana,"126,280.00","127,200.00","127,200.00","128,000.00","129,000.00","131,000.00","133,000.00","135,827.00","129,852.10","130,595.50","127,655.20","128,980.30","130,504.80","125,911.30","118,695.70","121,195.80","120,437.90","124,722.50","120,047.60","123,104.70","124,004.40","123,078.50","123,503.40","124,630.80","123,746.50","124,155.10","123,579.40","120,839.60","122,175.40","124,799.70","126,037.40","126,037.40",..
Gibraltar,..,..,..,..,..,..,..,..,..,..,..,..,..,..,..,..,..,..,..,..,..,..,..,..,..,..,..,..,..,..,..,..,..
Greece,"92,220.00","91,640.00","91,670.00","91,600.00","91,700.00","91,640.00","91,720.00","89,850.00","87,820.00","86,700.00","85,290.00","84,380.00","83,430.00","82,520.00","80,800.00","80,050.00","78,630.00","77,530.00","76,570.00","75,600.00","74,890.00","73,960.00","72,830.00","71,530.00","62,010.00","61,990.00","61,360.00","60,535.40","59,436.90","58,671.90","58,671.90","58,671.90",..
Greenland,"2,368.00","2,371.00","2,374.00","2,377.00","2,380.00","2,383.00","2,386.00","2,389.00","2,392.00","2,395.00","2,398.00","2,401.00","2,404.00","2,407.00","2,410.00","2,413.00","2,416.00","2,419.00","2,422.00","2,425.00","2,428.00","2,431.00","2,434.00","2,430.70","2,430.80","2,431.00","2,431.10","2,431.10","2,431.10","2,431.10","2,431.10","2,431.10",..
Grenada,130,120,120,120,120,110,110,110,110,120,120,130,130,120,120,90,90,90,90,100,100,100,80,80,80,80,80,80,80,80,80,80,..
Guam,200,200,200,200,200,200,200,200,200,200,200,200,200,200,200,200,200,190,190,180,180,180,180,180,180,170,170,170,160,160,160,160,..
Guatemala,"42,850.00","42,850.00","42,850.00","44,820.00","45,120.00","45,120.00","45,120.00","45,744.30","46,368.60","46,992.90","47,617.20","48,241.50","48,865.80","49,490.00","47,230.00","45,620.00","43,154.50","44,480.00","44,340.00","43,696.00","43,172.00","42,948.00","42,624.00","42,230.00","42,849.00","44,640.00","44,938.00","45,236.00","45,534.00","45,832.00","46,120.00","46,120.00",..
Guinea,"141,410.00","140,490.00","140,550.00","140,520.00","140,480.00","140,240.00","140,350.00","140,360.00","140,670.00","140,780.00","140,790.00","140,800.00","140,910.00","141,120.00","141,230.00","141,210.00","141,300.00","141,800.00","142,400.00","142,500.00","143,000.00","143,000.00","144,000.00","145,000.00","145,330.00","145,450.00","145,650.00","145,950.00","146,220.00","146,300.00","146,350.00","146,380.00",..
Guinea-Bissau,"5,786.70","5,824.50","5,824.50","6,024.50","6,124.50","6,209.00","6,293.40","6,377.90","6,462.30","6,546.80","6,631.20","6,715.70","6,800.10","6,884.60","6,969.00","7,053.50","7,137.90","7,222.40","7,306.80","7,391.30","7,475.70","7,560.10","7,644.60","7,729.00","7,813.50","7,897.90","7,982.30","8,066.70","8,151.10","8,151.10","8,151.10","8,151.10",..
Guyana,"10,080.00","10,098.70","10,117.30","10,136.00","10,154.70","10,193.30","10,222.00","10,240.70","10,259.30","10,278.00","10,306.70","10,345.30","10,364.00","10,382.70","10,401.30","10,420.00","10,420.00","10,420.00","10,420.00","10,420.00","10,420.00","10,420.00","10,420.00","10,420.00","10,420.00","10,420.00","10,420.00","10,420.00","10,420.00","10,420.00","10,420.00","10,430.00",..
Haiti,"15,970.00","15,960.00","15,750.00","15,750.00","15,950.00","15,900.00","15,900.00","16,900.00","16,900.00","16,900.00","16,900.00","16,700.00","16,700.00","16,700.00","16,700.00","17,700.00","17,700.00","17,700.00","17,700.00","18,163.30","19,840.00","20,090.00","20,240.00","20,680.00","20,680.00","20,680.00","20,680.00","20,100.00","19,950.00","17,900.00","17,900.00","17,950.00",..
Honduras,"33,200.00","33,420.00","33,550.00","35,480.00","35,200.00","34,800.00","34,800.00","33,950.00","33,950.00","33,370.00","29,350.00","29,360.00","30,280.00","31,530.00","31,400.00","31,500.00","31,600.00","31,600.00","31,840.00","31,980.00","32,680.00","33,110.00","33,580.00","33,700.00","33,750.00","33,750.00","34,240.00","34,880.00","35,090.00","35,090.00","35,380.00","35,760.00",..
"Hong Kong SAR, China",80,80,80,80,80,80,80,70,70,70,70,70,70,70,70,70,60,60,60,60,55,55,51,51,51,51,50,51,50,50,40,40,..
Hungary,"64,740.00","64,600.00","61,360.00","61,300.00","61,220.00","61,790.00","61,840.00","61,950.00","61,930.00","61,860.00","58,540.00","58,650.00","58,490.00","58,650.00","58,640.00","58,630.00","58,090.00","58,070.00","57,900.00","57,830.00","53,430.00","53,370.00","53,380.00","52,570.00","52,640.00","52,640.00","52,820.00","53,030.00","52,960.00","52,780.00","49,166.70","50,436.90",..
Iceland,"19,010.00","19,010.00","19,010.00","19,000.00","19,000.00","18,990.00","18,970.00","18,950.00","18,910.00","18,890.00","18,890.00","18,890.00","18,870.00","18,850.00","18,840.00","18,820.00","18,810.00","18,760.00","18,760.00","18,750.00","18,740.00","18,732.00","18,722.00","18,722.00","18,722.00","18,720.00","18,720.00","18,720.00","18,720.00","18,720.00","18,720.00","18,720.00",..
India,"1,814,130.00","1,815,860.00","1,813,050.00","1,813,820.00","1,812,910.00","1,809,450.00","1,805,890.00","1,809,810.00","1,808,740.00","1,810,210.00","1,809,750.00","1,804,870.00","1,805,600.00","1,802,490.00","1,803,750.00","1,801,260.00","1,799,060.00","1,796,200.00","1,797,570.00","1,800,680.00","1,795,730.00","1,796,700.00","1,796,420.00","1,796,980.00","1,797,280.00","1,796,750.00","1,795,780.00","1,792,356.00","1,791,155.60","1,790,449.50","1,785,277.60","1,785,279.50",..
Indonesia,"450,830.00","415,240.00","413,510.00","420,160.00","419,710.00","429,780.00","429,680.00","435,270.00","438,770.00","458,770.00","471,770.00","486,750.00","499,500.00","511,250.00","519,000.00","521,300.00","532,600.00","542,900.00","546,200.00","553,500.00","553,800.00","564,100.00","564,400.00","569,700.00","573,000.00","578,000.00","597,000.00","633,000.00","639,000.00","641,000.00","643,000.00","646,000.00",..
"Iran, Islamic Rep.","615,000.00","629,970.00","637,870.00","641,520.00","641,570.00","642,080.00","644,270.00","638,320.00","647,870.00","636,870.00","628,840.00","638,230.00","640,440.00","642,650.00","644,860.00","476,310.00","478,520.00","480,730.00","466,850.00","466,862.00","465,394.00","463,926.00","462,458.00","459,540.00","459,540.00","459,540.00","459,540.00","464,350.00","469,150.00","469,883.30","470,276.70","470,670.00",..
Iraq,"92,300.00","96,300.00","95,500.00","98,700.00","93,500.00","91,000.00","91,000.00","86,600.00","86,500.00","85,000.00","85,000.00","84,900.00","86,900.00","86,900.00","86,900.00","88,400.00","89,900.00","91,400.00","81,900.00","78,500.00","82,200.00","85,500.00","85,685.00","88,637.50","92,690.00","92,690.00","93,090.00","93,290.00","93,490.00","93,690.00","94,390.00","94,240.00",..
Ireland,"45,374.00","44,448.00","44,162.00","44,073.00","43,936.00","43,887.00","43,418.00","43,556.40","43,694.80","43,833.20","43,961.60","44,100.00","43,730.00","43,700.00","43,050.00","43,020.00","42,600.00","42,760.00","46,290.00","45,939.20","45,680.00","45,550.00","45,330.00","44,770.00","44,660.00","44,300.00","44,610.00","44,890.00","45,160.00","45,240.00","45,120.00","43,370.00",..
Isle of Man,396,400,404,408,413,417,421,425,430,434,438,442,454,457.7,458,461.1,423.6,421.2,442.8,434.2,433.8,426.1,384,388,389,404,407,402,403,403,398,392,..
Israel,"5,790.00","5,780.00","5,770.00","5,770.00","5,790.00","5,730.00","5,640.00","5,630.00","5,620.00","5,590.00","5,660.00","5,610.00","5,630.00","5,510.00","5,135.00","5,145.00","5,088.00","5,181.00","5,156.00","5,226.00","5,045.00","5,170.00","5,262.00","5,203.00","5,377.00","5,339.00","5,520.00","6,440.00","6,413.00","6,384.00","6,464.00","6,435.00",..
Italy,"168,400.00","160,540.00","159,780.00","159,100.00","157,020.00","153,330.00","153,490.00","153,450.00","154,840.00","157,990.00","156,370.00","155,020.00","152,730.00","149,070.00","148,830.00","147,360.00","142,030.00","141,620.00","144,572.00","139,824.00","143,278.00","138,526.00","137,290.00","136,300.00","131,620.00","129,450.00","128,120.00","128,265.70","124,050.00","131,209.60","125,183.70","124,030.30",..
Jamaica,"4,760.00","4,760.00","4,760.00","5,030.00","5,000.00","4,970.00","4,940.00","4,890.00","4,840.00","4,820.00","4,790.00","4,790.00","4,740.00","4,740.00","4,720.00","4,670.00","4,670.00","4,640.00","4,490.00","4,460.00","4,213.00","4,205.00","4,198.00","4,188.00","4,179.00","4,170.00","4,170.00","4,170.00","4,170.00","4,170.00","4,170.00","4,170.00",..
Japan,"58,320.00","57,840.00","57,360.00","56,860.00","56,250.00","55,620.00","55,000.00","54,370.00","53,760.00","53,210.00","52,580.00","52,130.00","51,750.00","51,400.00","51,100.00","50,800.00","50,534.00","50,268.00","49,992.00","49,746.00","49,530.00","49,190.00","49,050.00","48,920.00","48,700.00","48,460.00","48,130.00","47,780.00","47,460.00","47,150.00","46,820.00","46,590.00",..
Jordan,"10,402.00","10,104.00","11,207.00","10,900.00","10,720.00","11,140.00","10,510.00","10,610.00","10,660.00","10,670.00","10,690.00","10,220.00","10,250.00","10,050.00","10,370.00","10,130.00","10,180.00","9,633.00","9,725.00","10,250.00","10,023.00","10,026.00","10,449.00","10,566.00","10,640.00","10,563.00","10,659.60","10,070.00","10,218.00","10,365.00","10,290.00","10,230.00",..
Kazakhstan,"2,214,630.00","2,214,630.00","2,214,630.00","2,217,470.00","2,216,510.00","2,171,865.00","2,154,736.00","2,156,918.00","2,153,298.00","2,150,753.00","2,153,933.00","2,144,856.00","2,134,689.00","2,130,014.00","2,126,705.00","2,122,860.00","2,118,765.00","2,114,356.00","2,108,514.00","2,107,833.00","2,171,618.00","2,169,885.00","2,170,121.00","2,169,941.00","2,167,994.00","2,162,597.00","2,162,421.00","2,162,137.00","2,160,361.00","2,139,743.00","2,140,032.00","2,137,959.00",..
Kenya,"267,700.00","268,770.00","270,720.00","268,400.00","272,320.00","272,180.00","264,510.00","265,940.00","264,580.00","268,760.00","266,710.00","268,390.00","268,180.00","268,740.00","269,920.00","270,020.00","270,540.00","270,700.00","270,850.00","272,850.00","273,100.00","276,210.00","276,320.00","276,430.00","276,540.00","276,660.00","276,770.00","276,880.00","276,990.00","277,100.00","277,100.00","277,100.00",..
Kiribati,390,390,390,370,370,370,370,370,340,340,340,340,340,340,340,340,340,340,340,340,340,340,340,340,340,340,340,340,340,340,340,340,..
"Korea, Dem. People's Rep.","25,180.00","25,300.00","25,300.00","25,500.00","26,500.00","26,500.00","25,500.00","25,500.00","25,500.00","25,500.00","25,500.00","25,500.00","25,500.00","25,500.00","25,500.00","26,000.00","26,000.00","26,000.00","26,500.00","26,700.00","26,800.00","26,300.00","26,300.00","26,300.00","26,300.00","26,300.00","26,200.00","26,000.00","26,000.00","25,950.00","25,950.00","25,950.00",..
"Korea, Rep.","21,790.00","21,610.00","21,360.00","21,180.00","20,960.00","20,480.00","20,080.00","19,830.00","19,690.00","19,540.00","19,730.00","19,450.00","19,190.00","19,020.00","18,930.00","18,810.00","18,580.00","18,400.00","18,170.00","17,950.00","17,730.00","17,561.00","17,880.00","17,687.00","17,483.00","17,360.00","17,008.00","16,767.00","16,520.00","16,370.00","16,210.00","16,030.00",..
Kosovo,..,..,..,..,..,..,..,..,..,..,..,..,..,..,..,..,..,..,..,..,..,..,..,..,..,..,..,..,..,..,..,..,..
Kuwait,"1,410.00","1,410.00","1,410.00","1,420.00","1,420.00","1,420.00","1,430.00","1,430.00","1,430.00","1,440.00","1,480.00","1,510.00","1,510.00","1,510.00","1,500.00","1,500.00","1,500.00","1,510.00","1,510.00","1,515.00","1,520.00","1,525.00","1,520.00","1,536.00","1,521.00","1,494.00","1,500.00","1,514.00","1,500.00","1,500.00","1,500.00","1,500.00",..
Kyrgyz Republic,"100,880.00","100,880.00","100,880.00","101,200.00","103,290.00","105,370.00","106,410.00","106,610.00","106,900.00","107,260.00","107,140.00","107,760.00","107,760.00","108,400.00","107,700.00","107,450.00","107,311.00","107,286.00","107,272.00","106,173.00","106,119.00","106,085.00","105,913.00","105,567.00","105,571.00","105,562.00","105,411.00","105,401.00","103,708.00","103,684.00","103,678.00","103,661.00",..
Lao PDR,"16,600.00","16,620.00","16,640.00","16,650.00","16,900.00","17,000.00","17,000.00","17,560.00","17,650.00","17,730.00","18,060.00","18,410.00","18,760.00","19,110.00","19,460.00","19,850.00","20,250.00","20,630.00","21,040.00","21,680.00","22,200.00","22,765.00","23,072.50","23,350.00","23,350.00","23,350.00","23,350.00","22,589.00","21,828.00","21,067.00","20,310.00","20,310.00",..
Latvia,"25,300.00","25,300.00","25,300.00","25,140.00","25,400.00","18,320.00","18,740.00","17,720.00","17,490.00","16,170.00","15,880.00","15,810.00","15,950.00","15,820.00","16,420.00","17,340.00","18,550.00","18,390.00","18,250.00","18,330.00","18,050.00","18,160.00","18,410.00","18,770.00","18,720.00","18,845.00","19,310.00","19,330.00","19,380.00","19,600.00","19,690.00","19,700.00",..
Lebanon,"6,050.00","6,060.00","6,060.00","6,060.00","6,070.00","6,090.00","6,180.00","6,220.00","6,260.00","5,825.00","5,950.00","5,980.00","6,160.00","6,270.00","6,383.00","6,530.00","6,790.00","6,771.00","6,630.00","6,630.00","6,400.00","6,510.00","6,580.00","6,600.00","6,620.00","6,650.00","6,710.00","6,733.20","6,715.50","6,713.00","6,773.00","6,793.00",..
Lesotho,"23,210.00","23,230.00","23,360.00","23,340.00","23,290.00","23,240.00","23,260.00","23,290.00","23,290.00","23,290.00","23,340.00","23,340.00","23,040.00","23,040.00","23,140.00","23,270.00","23,070.00","23,290.00","23,620.00","23,390.00","23,260.00","23,120.00","22,853.00","22,521.00","22,763.00","22,230.00","23,560.00","24,180.00","24,333.00","24,330.00","24,330.00","24,330.00",..
Liberia,"10,637.60","10,940.20","11,239.20","11,539.90","11,840.70","12,145.10","12,452.20","12,754.80","13,067.40","13,367.40","13,671.20","13,972.90","14,275.70","14,578.50","14,881.00","15,179.60","15,478.00","15,771.80","16,072.20","16,371.30","16,670.30","16,966.60","17,266.40","17,565.50","17,863.70","18,164.50","18,464.80","18,766.90","19,069.00","19,230.40","19,230.40","19,230.40",..
Libya,"154,550.00","154,600.00","154,650.00","154,650.00","154,750.00","155,150.00","156,660.00","156,660.00","154,500.00","154,500.00","154,500.00","154,500.00","154,500.00","154,500.00","153,850.00","153,850.00","153,850.00","153,850.00","153,850.00","153,850.00","153,510.00","153,510.00","153,550.00","153,550.00","153,500.00","153,500.00","153,500.00","153,500.00","153,500.00","153,500.00","153,500.00","153,500.00",..
Liechtenstein,70,70,70,70,70,70,70,70,70,70,70,69,67.7,66.4,65.1,63.8,62.5,61.2,59.9,58.6,57.3,56,54.7,53.4,52.4,52.2,52,51.8,51.8,51.7,51.7,51.7,..
Lithuania,"33,890.00","33,890.00","33,890.00","33,330.00","31,260.00","34,100.00","34,110.00","34,170.00","34,250.00","34,960.00","34,180.00","28,960.00","28,850.00","25,410.00","26,043.00","28,370.00","27,907.00","26,959.00","26,721.00","26,890.00","27,723.00","28,059.00","28,422.00","28,914.00","29,524.00","30,059.00","29,539.00","29,353.00","29,470.00","29,750.00","29,428.00","29,378.00",..
Luxembourg,..,..,..,..,..,..,..,..,..,..,"1,280.00","1,280.00","1,280.00","1,280.00","1,280.00","1,290.00","1,290.00","1,310.00","1,310.00","1,307.00","1,310.40","1,312.70","1,314.20","1,308.80","1,309.90","1,312.70","1,306.50","1,311.60","1,315.60","1,315.90","1,321.40","1,328.10",..
"Macao SAR, China",..,..,..,..,..,..,..,..,..,..,..,..,..,..,..,..,..,..,..,..,..,..,..,..,..,..,..,..,..,..,..,..,..
Madagascar,"363,250.00","363,500.00","363,700.00","364,900.00","364,800.00","364,800.00","365,960.00","374,900.00","384,900.00","395,000.00","405,000.00","408,430.00","408,430.00","408,430.00","408,430.00","408,930.00","408,930.00","408,930.00","408,950.00","408,950.00","408,950.00","408,950.00","408,950.00","408,950.00","408,950.00","408,950.00","408,950.00","408,950.00","408,950.00","408,950.00","408,950.00","408,950.00",..
Malawi,"42,180.00","43,200.00","42,700.00","42,700.00","40,700.00","42,800.00","43,800.00","44,300.00","45,800.00","46,800.00","47,300.00","48,300.00","48,300.00","49,800.00","49,800.00","51,800.00","52,850.00","52,850.00","54,350.00","54,850.00","54,850.00","54,850.00","54,850.00","55,450.00","56,510.00","57,060.00","57,620.00","58,170.00","58,730.00","59,280.00","59,840.00","60,500.00",..
Malaysia,"67,566.00","67,945.00","68,065.00","68,914.00","69,909.00","69,660.00","69,611.00","69,587.00","69,447.00","69,471.00","69,387.00","69,470.00","70,375.00","71,162.40","71,317.00","71,344.10","70,752.00","71,072.00","71,504.00","72,200.00","73,893.00","75,306.00","78,292.00","80,593.00","80,890.00","85,699.70","85,710.00","85,710.00","85,710.00","85,710.00","85,710.00","85,710.00",..
Maldives,80,80,80,80,80,80,80,80,80,80,90,100,120,120,110,90,70,70,70,70,69,69,64,64,64,64,64,64,64,64,64,59,..
Mali,"321,280.00","321,430.00","322,530.00","331,600.00","352,700.00","354,190.00","366,500.00","376,500.00","376,500.00","376,500.00","386,650.00","393,090.00","396,840.00","407,260.00","396,910.00","403,920.00","404,660.00","405,970.00","408,210.00","410,454.00","410,510.00","412,400.00","414,290.00","416,180.00","418,070.00","419,960.00","421,860.00","423,750.00","425,640.00","427,530.00","429,420.00","431,310.00",..
Malta,130,130,130,130,130,110,110,100,90,90,90,100,100,104,100,93,93,93,93,93,103.3,103.3,103,102.3,102.3,102.3,103.8,103.8,103.8,103.8,91.1,87.5,..
Marshall Islands,120,85,85,85,85,85,85,85,85,85,85,85,85,85,85,85,85,85,85,85,85,85,75,70,70,70,70,70,70,70,70,70,..
Mauritania,"396,560.00","396,660.00","396,780.00","396,900.00","397,100.00","397,100.00","397,100.00","397,100.00","397,100.00","397,100.00","397,100.00","397,100.00","397,100.00","397,100.00","397,100.00","397,100.00","397,100.00","397,100.00","397,100.00","397,100.00","397,100.00","397,100.00","397,100.00","397,100.00","397,100.00","397,100.00","397,100.00","397,100.00","397,100.00","397,100.00","397,100.00","397,100.00",..
Mauritius,"1,110.00","1,100.00","1,090.00","1,070.00","1,050.00","1,040.00","1,030.00","1,020.00","1,020.00","1,000.00","1,010.00","1,020.00","1,000.00",990,980,960,940,920,910,910,910,890,870,860,860,860,860,860,860,860,860,860,..
Mexico,"1,051,510.00","1,061,540.00","1,061,770.00","1,061,800.00","1,061,900.00","1,061,950.00","1,063,100.00","1,063,100.00","1,063,250.00","1,063,260.00","1,063,300.00","1,065,500.00","1,065,500.00","1,065,500.00","1,065,700.00","1,065,700.00","1,065,700.00","1,067,000.00","1,033,550.00","1,026,820.00","1,018,070.00","1,013,220.00","1,005,120.00","994,860.00","987,480.00","986,800.00","983,380.00","969,460.00","965,160.00","961,060.00","971,380.00","971,260.00",..
"Micronesia, Fed. Sts.",225,55,55,55,55,55,55,55,55,55,55,55,55,55,55,55,55,55,55,50,50,50,50,50,50,50,50,50,50,50,50,50,..
Moldova,"25,600.00","25,600.00","25,600.00","25,570.00","25,570.00","25,560.00","25,560.00","25,560.00","25,560.00","25,570.00","25,440.00","25,390.00","25,340.00","25,280.00","25,220.00","24,990.00","24,830.00","24,850.00","24,810.00","24,720.00","24,650.00","24,620.00","24,600.00","24,610.00","23,150.00","23,180.00","23,179.00","23,173.00","22,571.00","22,616.00","22,646.00","22,750.00",..
Monaco,..,..,..,..,..,..,..,..,..,..,..,..,..,..,..,..,..,..,..,..,..,..,..,..,..,..,..,..,..,..,..,..,..
Mongolia,"1,256,560.00","1,261,300.00","1,235,900.00","1,191,240.00","1,184,690.00","1,184,690.00","1,184,690.00","1,288,910.00","1,291,320.00","1,302,820.00","1,304,700.00","1,301,295.00","1,301,180.00","1,142,714.00","1,141,527.00","1,139,278.00","1,147,273.00","1,146,800.00","1,145,070.00","1,142,700.60","1,142,100.30","1,141,878.00","1,140,679.00","1,140,302.80","1,136,820.00","1,136,644.10","1,135,607.90","1,134,671.90","1,134,330.00","1,133,735.00","1,126,995.50","1,126,312.00",..
Montenegro,"5,150.00","5,150.00","5,150.00","5,150.00","5,150.00","5,150.00","5,150.00","5,150.00","5,150.00","5,150.00","5,150.00","5,150.00","5,150.00","5,150.00","5,150.00","5,150.00","5,150.00","5,140.00","5,130.00","5,140.00","5,120.00","5,130.00","5,130.00","2,231.30","2,303.20","2,314.00","2,557.00","2,563.00","2,568.00","2,570.00","2,579.50","2,555.60",..
Morocco,"303,430.00","303,550.00","306,160.00","307,110.00","309,640.00","307,490.00","309,660.00","308,950.00","309,760.00","306,930.00","306,520.00","303,700.00","302,830.00","308,760.00","300,410.00","299,890.00","299,460.00","299,600.00","299,810.00","300,026.00","299,883.00","301,038.00","304,030.00","305,850.00","300,825.00","300,470.00","308,750.00","310,465.50","305,258.10","296,119.10","303,580.00","302,910.00",..
Mozambique,"352,600.00","354,790.00","356,980.00","359,170.00","361,360.00","363,550.00","365,740.00","367,930.00","370,120.00","372,310.00","374,500.00","376,715.90","378,931.70","381,147.60","383,363.40","385,579.30","387,795.20","390,011.00","392,226.90","394,442.70","396,658.60","398,722.90","400,787.20","402,851.40","404,915.70","406,980.00","410,097.10","412,314.00","414,138.30","414,138.30","414,138.30","414,138.30",..
Myanmar,"104,280.00","104,160.00","103,980.00","104,460.00","104,210.00","104,500.00","105,040.00","105,190.00","105,130.00","106,090.00","108,120.00","109,390.00","109,250.00","109,820.00","110,820.00","112,630.00","115,970.00","119,840.00","122,770.00","124,410.00","125,260.00","125,580.00","125,490.00","125,870.00","126,320.00","127,490.00","127,600.00","130,536.00","130,713.00","129,794.00","129,800.00","129,800.00",..
Namibia,"386,620.00","386,620.00","386,620.00","387,000.00","387,500.00","388,200.00","388,200.00","388,200.00","388,200.00","388,200.00","388,200.00","388,200.00","388,200.00","388,200.00","388,200.00","388,200.00","388,200.00","388,080.00","388,080.00","388,080.00","388,090.00","388,090.00","388,090.00","388,090.00","388,090.00","388,100.00","388,100.00","388,110.00","388,110.00","388,110.00","388,110.00","388,120.00",..
Nauru,4,4,4,4,4,4,4,4,4,4,4,4,4,4,4,4,4,4,4,4,4,4,4,4,4,4,4,4,4,4,4,4,..
Nepal,"41,444.00","41,470.00","41,582.00","41,694.00","41,806.00","41,918.00","42,030.00","42,142.00","42,254.00","42,366.00","42,491.00","42,590.00","42,410.00","42,270.00","42,180.00","42,020.00","41,850.00","41,660.00","41,520.00","41,400.00","41,260.00","41,266.00","41,210.00","41,210.00","41,210.00","41,210.00","41,210.00","41,210.00","41,210.00","41,210.00","41,210.00","41,210.00",..
Netherlands,"20,180.00","19,695.00","19,638.00","19,669.00","19,504.00","19,647.00","19,506.00","19,633.00","19,158.00","19,726.00","19,596.00","19,227.00","19,401.00","19,137.00","19,494.00","19,377.00","19,196.00","19,144.00","19,293.00","19,174.00","18,723.00","18,584.00","18,417.00","18,476.00","18,391.00","18,460.00","18,150.00","18,190.00","18,230.00","18,168.00","18,144.50","18,120.00",..
New Caledonia,"2,320.00","2,290.00","2,300.00","2,300.00","2,310.00","2,330.00","2,350.00","2,380.00","2,400.00","2,430.00","2,450.00","2,480.00","2,500.00","2,436.00","2,366.00","2,301.00","2,246.00","2,181.00","2,106.00","2,056.00","1,986.00","1,903.00","1,840.30","1,837.30","1,837.30","1,840.30","1,840.30","1,840.30","1,840.30","1,840.30","1,840.30","1,840.30",..
New Zealand,"139,170.00","137,585.80","136,012.50","134,435.30","132,857.90","131,280.60","129,703.30","128,126.60","126,550.00","124,973.40","123,397.10","121,820.80","120,244.00","118,580.00","118,900.00","117,120.00","113,750.00","114,870.00","113,740.00","114,900.00","114,080.00","113,710.00","112,094.00","111,060.00","111,160.00","107,120.00","106,140.00","106,440.00","104,980.00","103,450.00","101,540.00","101,750.00",..
Nicaragua,"40,250.00","40,600.00","41,200.00","41,900.00","42,200.00","45,530.00","46,540.00","48,080.00","49,130.00","50,180.00","51,410.00","51,750.00","51,990.00","52,170.00","52,250.00","52,500.00","52,080.00","51,750.00","51,320.00","50,890.00","50,500.00","50,709.00","50,730.00","50,730.00","50,730.00","50,730.00","50,730.00","50,810.00","50,840.00","50,840.00","50,910.00","50,910.00",..
Niger,"330,470.00","341,050.00","350,000.00","350,000.00","350,000.00","360,000.00","360,000.00","360,000.00","360,000.00","370,000.00","370,000.00","380,000.00","380,000.00","384,120.00","384,720.00","429,650.00","429,890.00","437,820.00","437,820.00","437,820.00","439,820.00","444,820.00","447,820.00","456,820.00","456,820.00","456,950.00","463,950.00","465,950.00","465,950.00","465,950.00","465,950.00","465,950.00",..
Nigeria,"587,140.00","594,350.00","605,960.00","609,570.00","619,180.00","640,790.00","642,400.00","644,000.00","652,110.00","653,600.00","655,080.00","656,670.00","658,080.00","659,570.00","661,030.00","662,560.00","663,970.00","665,460.00","666,960.00","668,430.00","669,940.00","671,430.00","672,930.00","674,420.00","675,930.00","677,370.00","678,910.00","680,390.00","681,920.00","683,420.00","684,930.00","686,440.00",..
North Macedonia,"13,070.00","13,070.00","13,070.00","12,970.00","12,960.00","12,870.00","12,900.00","12,830.00","12,910.00","12,820.00","12,350.00","12,420.00","13,340.00","13,010.00","12,620.00","12,280.00","12,240.00","10,760.00","10,630.00","10,130.00","11,190.00","11,180.00","12,670.00","12,600.00","12,610.00","12,620.00","12,650.00","12,660.00","12,640.00","12,650.00","12,620.00","12,600.00",..
Northern Mariana Islands,40,40,40,40,40,40,40,40,30,30,30,30,30,30,30,30,30,17,17,17,17,17,17,17,17,17,17,17,5.4,5.4,5.4,5.4,..
Norway,"9,760.00","10,100.00","10,030.00","10,130.00","10,300.00","11,270.00","11,320.00","10,380.00","10,470.00","10,380.00","10,420.00","10,470.00","10,460.00","10,400.00","10,400.00","10,360.00","10,350.00","10,320.00","10,248.00","10,142.60","10,059.00","9,990.00","9,928.00","9,871.40","9,867.60","9,860.30","9,836.60","9,851.10","9,862.80","9,842.50","9,859.60","9,850.00",..
Oman,"10,800.00","10,800.00","10,830.00","10,720.00","10,720.00","10,710.00","10,710.00","10,700.00","10,710.00","10,710.00","11,730.00","11,736.00","12,734.00","13,730.00","14,720.00","14,650.00","14,630.00","14,650.00","14,572.00","14,544.00","14,432.00","14,368.00","14,238.00","14,195.00","14,198.00","14,340.00","14,360.00","14,519.20","14,598.90","14,614.00","14,589.30","14,662.20",..
Pakistan,"352,060.00","352,700.00","353,800.00","357,500.00","357,900.00","360,260.00","361,720.00","366,690.00","367,600.00","367,560.00","366,980.00","369,720.00","368,840.00","368,420.00","360,450.00","359,650.00","361,350.00","360,130.00","353,130.00","352,770.00","352,420.00","359,360.00","360,630.00","362,800.00","362,520.00","362,020.00","367,940.00","370,030.00","369,530.00","363,230.00","367,230.00","363,030.00",..
Palau,43,43,43,43,43,43,43,43,43,43,43,43,43,43,43,43,43,43,43,43,43,43,43,43,43,43,43,43,43,43,43,43,..
Panama,"21,240.00","21,340.00","21,500.00","21,500.00","21,350.00","21,320.00","21,320.00","21,400.00","21,490.00","21,570.00","22,300.00","22,404.00","22,378.00","22,352.00","22,326.00","22,300.00","22,244.00","22,318.00","22,292.00","22,316.00","22,663.90","22,630.00","22,530.00","22,430.00","22,330.00","22,230.00","22,130.00","22,030.00","21,930.00","21,830.00","21,741.00","21,813.20",..
Papua New Guinea,"9,280.00","9,330.00","9,420.00","9,710.00","9,780.00","9,940.00","10,160.00","10,230.00","10,640.00","10,810.00","10,880.00","10,930.00","11,030.00","11,080.00","11,230.00","11,330.00","11,510.00","12,120.00","12,450.00","12,670.00","12,670.00","12,860.00","12,860.00","12,860.00","13,050.00","13,220.00","13,280.00","14,050.00","14,050.00","14,040.00","14,180.00","14,410.00",..
Paraguay,"141,395.70","142,201.40","143,701.40","143,701.40","145,201.40","146,701.40","146,701.40","146,701.40","149,211.40","150,221.40","150,951.40","151,851.40","152,931.40","153,651.40","154,551.40","155,451.40","156,351.40","157,251.40","158,221.40","159,231.40","160,451.40","161,921.40","164,301.40","165,541.40","167,331.40","169,381.40","167,341.40","167,231.40","168,071.40","168,091.40","168,091.40","168,091.40",..
Peru,"224,370.10","225,002.30","225,634.50","226,266.80","223,498.00","224,968.00","226,437.00","227,906.00","229,375.00","230,844.00","232,313.00","233,782.00","235,251.00","236,720.00","238,189.00","239,928.00","241,527.00","243,126.00","244,735.00","246,334.00","247,943.00","249,642.00","251,002.60","249,673.70","248,315.80","246,958.00","244,430.00","245,181.10","246,985.90","244,782.90","249,969.90","255,156.90",..
Philippines,"111,400.00","111,570.00","111,150.00","110,650.00","110,150.00","110,150.00","111,050.00","113,350.00","112,850.00","112,350.00","112,340.00","111,840.00","111,350.00","112,400.00","114,700.00","113,550.00","115,800.00","117,900.00","120,100.00","121,000.00","121,000.00","122,600.00","124,300.00","124,690.00","124,980.00","125,270.00","125,560.00","125,900.00","126,130.00","126,360.00","126,590.00","126,830.00",..
Poland,"187,930.00","187,530.00","187,430.00","187,150.00","187,070.00","186,220.00","184,740.00","184,570.00","184,430.00","184,350.00","184,130.00","177,880.00","168,990.00","161,690.00","163,270.00","159,060.00","159,570.00","154,690.00","156,010.00","156,190.00","144,490.00","147,790.00","145,290.00","144,100.00","144,240.00","143,710.00","143,740.00","144,620.00","145,120.00","145,230.00","147,330.00","144,994.60",..
Portugal,"39,630.00","39,200.00","38,780.00","39,590.00","39,520.00","39,240.00","37,300.00","35,820.00","37,225.00","38,630.00","39,563.80","38,538.20","38,777.20","38,136.80","38,696.10","38,238.90","37,576.60","36,609.20","37,258.60","36,955.80","36,541.70","36,493.60","36,644.10","37,011.00","36,638.80","36,387.80","36,190.30","36,733.90","37,367.70","39,505.20","39,542.60","39,623.00",..
Puerto Rico,"4,350.00","4,200.00","4,100.00","3,110.00","3,090.00","3,090.00","3,090.00","2,910.00","2,725.00","2,599.00","2,472.00","2,347.00","2,220.00","2,156.00","2,090.00","2,024.00","1,958.00","1,890.00","1,907.00","1,923.00","1,939.00","1,955.00","1,968.00","1,922.00","1,876.00","1,830.00","1,784.00","1,738.00","1,689.00","1,689.00","1,689.00","1,689.00",..
Qatar,610,610,640,650,650,650,660,660,660,660,660,663,657,662,652,646,653,660,667,674,681,688,695,702,710,710,710,720,740,740,740,740,..
Romania,"147,690.00","147,980.00","147,900.00","147,930.00","147,980.00","147,970.00","147,820.00","147,980.00","147,470.00","147,810.00","148,570.00","147,980.00","148,180.00","148,000.00","141,300.00","141,800.00","140,390.00","136,300.00","136,340.00","136,210.00","141,560.00","139,820.00","137,330.00","139,050.00","138,300.00","138,580.00","135,210.00","133,780.00","134,140.00","138,260.00","130,490.00","130,790.00",..
Russian Federation,"2,216,310.00","2,216,310.00","2,216,310.00","2,187,950.00","2,177,110.00","2,164,000.00","2,161,110.00","2,179,890.00","2,172,870.00","2,167,900.00","2,171,620.00","2,168,610.00","2,166,510.00","2,162,770.00","2,159,800.00","2,156,800.00","2,154,880.00","2,154,630.00","2,154,940.00","2,154,940.00","2,154,940.00","2,154,940.00","2,154,940.00","2,154,940.00","2,154,940.00","2,154,940.00","2,154,940.00","2,154,940.00","2,154,940.00","2,154,940.00","2,154,940.00","2,154,940.00",..
Rwanda,"18,780.00","18,750.00","18,350.00","17,550.00","15,500.00","15,500.00","16,010.00","16,510.00","16,710.00","17,170.00","18,260.00","18,970.00","18,880.00","18,860.00","18,830.00","18,810.00","18,840.00","18,780.00","18,800.00","19,060.00","19,220.00","19,430.00","19,590.00","19,800.00","20,060.00","20,070.00","20,050.00","20,050.00","19,490.00","19,040.00","19,586.00","20,044.60",..
Samoa,540,540,520,520,510,510,510,510,510,508,480,480,470,450,430,420,402,385,370,349,415,480,545,610,675,756.2,688.1,620,551.7,494.1,494.1,494.1,..
San Marino,10,10,10,10,10,10,10,10,10,10,10,10,10,10,10,10,10,10,10,10,10,10,10,10,10,23,23,23,23,23,23,23,..
Sao Tome and Principe,290,300,300,300,310,280,280,270,310,350,360,360,360,360,350,340,340,340,340,340,330,340,350,350,370,370,400,410,420,420,420,420,..
Saudi Arabia,"1,234,810.00","1,236,720.00","1,237,460.00","1,307,850.00","1,377,850.00","1,447,850.00","1,517,850.00","1,587,850.00","1,667,850.00","1,737,850.00","1,737,850.00","1,737,910.00","1,737,930.00","1,737,980.00","1,737,090.00","1,737,170.00","1,736,740.00","1,736,750.00","1,735,720.00","1,734,350.00","1,734,060.00","1,733,880.00","1,733,450.00","1,732,950.00","1,735,753.00","1,736,370.00","1,736,270.00","1,735,961.00","1,735,955.00","1,736,164.40","1,736,373.70","1,736,370.00",..
Senegal,"88,690.00","87,090.00","87,800.00","88,180.00","89,150.00","88,150.00","89,070.00","86,280.00","83,900.00","91,120.00","90,270.00","87,990.00","87,500.00","86,320.00","86,870.00","87,760.00","84,900.00","85,030.00","92,750.00","92,780.00","92,780.00","89,650.00","89,650.00","89,680.00","89,720.00","93,280.00","92,880.00","93,230.00","93,580.00","93,950.00","94,300.00","95,110.00",..
Serbia,"35,370.00","35,370.00","35,370.00","35,370.00","35,370.00","35,370.00","35,370.00","35,370.00","35,370.00","35,370.00","35,370.00","35,370.00","35,370.00","35,370.00","35,370.00","35,370.00","35,370.00","35,729.00","36,036.00","35,180.00","35,216.00","35,282.00","34,626.00","34,912.00","35,064.00","34,810.00","34,560.00","34,190.00","34,640.00","34,600.00","34,820.00","34,850.00",..
Seychelles,40,40,40,40,40,40,40,40,40,40,40,40,40,40,40,40,40,30,30,29,24,15,15,15.5,15.5,15.5,15.5,15.5,15.5,15.5,15.5,15.5,..
Sierra Leone,"28,250.00","28,250.00","28,150.00","28,110.00","28,100.00","28,100.00","28,100.00","28,090.00","28,090.00","28,040.00","28,100.00","30,015.20","32,300.80","35,666.70","37,727.30","38,120.20","40,298.80","36,237.20","37,122.30","38,009.70","39,303.80","40,176.30","38,366.50","39,486.50","39,490.00","39,490.00","39,490.00","39,490.00","39,490.00","39,490.00","39,490.00","39,490.00",..
Singapore,20,12,12,12,12,12,12,12,12,12,12,12,12,8,8,7.6,7.5,8,7,7,7.4,7.3,7.3,6.7,6.6,6.6,6.6,6.6,6.6,6.6,6.6,6.6,..
Sint Maarten (Dutch part),..,..,..,..,..,..,..,..,..,..,..,..,..,..,..,..,..,..,..,..,..,..,..,..,..,..,..,..,..,..,..,..,..
Slovak Republic,"24,460.00","24,460.00","24,460.00","24,460.00","24,460.00","24,460.00","24,440.00","24,450.00","24,430.00","24,430.00","24,400.00","22,550.00","22,370.00","22,360.00","19,340.00","19,410.00","19,390.00","19,300.00","19,370.00","19,300.00","19,447.00","19,297.00","19,274.00","18,934.00","18,894.00","18,886.00","18,860.00","18,790.00","18,890.00","18,850.00","18,830.00","18,560.00",..
Slovenia,"5,640.00","5,640.00","5,640.00","5,600.00","5,490.00","5,380.00","5,250.00","4,950.00","4,900.00","5,000.00","5,180.00","5,100.00","5,050.00","5,100.00","4,920.00","5,090.00","4,910.00","4,980.00","6,185.60","6,251.20","6,238.60","6,206.10","6,117.90","6,102.10","6,148.40","6,164.90","6,174.80","6,150.40","6,120.00","6,122.80","6,104.90","6,109.60",..
Solomon Islands,680,690,710,710,720,730,730,730,740,760,760,770,790,830,840,910,950,960,990,"1,020.00","1,080.00","1,110.00","1,130.00","1,130.00","1,145.00","1,160.00","1,170.00","1,200.00","1,200.00","1,200.00","1,200.00","1,200.00",..
Somalia,"440,420.00","440,420.00","440,430.00","440,440.00","440,500.00","440,560.00","440,610.00","440,660.00","440,670.00","440,670.00","440,670.00","440,710.00","440,900.00","441,090.00","441,570.00","441,260.00","440,760.00","440,260.00","441,260.00","441,260.00","441,260.00","440,260.00","440,260.00","441,260.00","441,260.00","441,260.00","441,260.00","441,260.00","441,260.00","441,270.00","441,280.00","441,290.00",..
South Africa,"956,000.00","960,050.00","964,730.00","969,360.00","972,650.00","975,200.00","978,900.00","979,450.00","979,880.00","980,580.00","981,250.00","980,130.00","980,280.00","979,280.00","976,080.00","974,830.00","968,880.00","968,900.00","971,080.00","969,880.00","968,910.00","963,740.00","963,410.00","963,410.00","963,410.00","963,410.00","963,410.00","963,410.00","963,410.00","963,410.00","963,410.00","963,410.00",..
South Sudan,..,..,..,..,..,..,..,..,..,..,..,..,..,..,..,..,..,..,..,..,..,..,"284,979.10","284,626.30","284,273.40","283,920.50","283,567.60","283,214.80","282,509.00","282,509.00","282,507.00","282,527.00",..
Spain,"304,720.00","303,710.00","302,790.00","300,330.00","301,830.00","297,190.00","301,390.00","300,590.00","299,580.00","297,780.00","297,660.00","295,200.00","294,190.00","291,530.00","290,710.00","291,640.00","286,130.00","280,040.00","281,420.00","279,700.00","275,450.00","270,140.00","269,420.00","267,332.00","265,780.00","265,765.00","262,657.00","262,955.30","261,833.20","262,066.90","261,426.40","262,284.50",..
Sri Lanka,"23,390.00","23,420.00","23,440.00","23,200.00","23,230.00","23,260.00","23,270.00","23,280.00","23,290.00","23,450.00","23,500.00","23,510.00","23,560.00","23,700.00","23,100.00","25,100.00","24,400.00","23,900.00","25,950.00","26,100.00","26,200.00","27,300.00","27,400.00","27,400.00","27,400.00","27,400.00","27,500.00","27,602.00","28,116.00","28,115.70","28,120.00","28,120.00",..
St. Kitts and Nevis,120,120,120,120,100,100,90,90,90,100,95,93,81,81,80.3,50,50.1,50.9,51,55,57,60,60,60,60,60,60,60,60,60,60,60,..
St. Lucia,209,198,197,197,195,180,174,170,155,154,142,139,131,124,111,109,101,99.3,99.4,99.4,99.4,99.4,99.4,99.4,99.4,99.4,99.4,99.4,99.4,99.4,99.4,99.4,..
St. Martin (French part),..,..,..,..,..,..,..,..,..,..,..,..,..,..,..,..,..,..,..,..,..,..,..,..,..,..,..,..,..,..,..,..,..
St. Vincent and the Grenadines,105.8,102.2,98.6,95,91.4,87.8,84.2,80.6,77,73.4,70,70,70,70,70,70,70,70,70,70,70,70,70,70,70,70,70,70,70,70,70,70,..
Sudan,"1,229,100.00","1,229,650.00","1,240,150.00","1,267,330.00","1,281,150.00","1,296,440.00","1,305,390.00","1,308,320.00","1,311,020.00","1,313,520.00","1,315,750.00","1,320,930.00","1,326,140.00","1,345,300.00","1,344,970.00","1,352,200.00","1,360,530.00","1,366,150.00","1,366,980.00","1,372,658.00","1,372,462.00","1,372,462.00","1,114,659.60","1,114,533.60","1,114,449.60","1,117,498.80","1,120,548.00","1,123,597.20","1,126,646.40","1,126,646.40","1,126,648.40","1,126,648.40",..
Suriname,880,890,890,890,890,890,890,880,880,880,880,860,740,805,775,728,728,700,708,804,783,800,732,832,882,870,870,840,840,840,800,780,..
Sweden,"34,130.00","33,580.00","33,440.00","33,560.00","33,560.00","32,670.00","32,970.00","32,590.00","32,310.00","31,940.00","29,741.00","30,539.00","31,399.00","31,287.00","31,532.00","32,012.00","31,501.00","31,209.00","30,758.00","30,672.00","30,737.00","30,631.00","30,315.00","30,360.80","30,360.70","30,283.50","30,209.20","30,113.70","30,003.90","30,047.80","30,055.40","30,029.10",..
Switzerland,"16,050.30","16,009.10","15,961.80","15,914.60","15,867.50","15,820.60","15,783.10","15,752.20","15,721.40","15,688.90","15,658.20","15,627.40","15,597.30","15,566.70","15,535.60","15,504.60","15,474.20","15,443.70","15,410.30","15,377.00","15,344.10","15,311.20","15,278.40","15,245.60","15,212.80","15,180.10","15,147.50","15,116.30","15,085.70","15,055.20","15,024.40","14,993.80",..
Syrian Arab Republic,"134,950.00","135,120.00","136,130.00","136,420.00","137,860.00","137,890.00","137,900.00","138,040.00","137,540.00","137,670.00","137,110.00","137,230.00","137,590.00","138,130.00","139,050.00","138,280.00","138,770.00","138,970.00","138,980.00","139,080.00","139,080.00","139,150.00","139,210.00","139,210.00","139,190.00","139,170.00","139,161.30","139,200.30","139,176.90","139,113.30","139,133.80","139,133.80",..
Tajikistan,"44,890.00","44,890.00","44,890.00","45,430.00","44,700.00","45,820.00","45,850.00","45,620.00","45,470.00","45,680.00","45,730.00","45,730.00","45,710.00","45,960.00","46,500.00","46,720.00","47,350.00","47,290.00","47,270.00","47,594.00","47,557.00","47,528.00","47,490.00","47,806.00","48,122.00","48,438.00","48,754.00","49,071.00","49,116.00","49,182.00","49,160.00","49,170.00",..
Tanzania,"311,899.90","315,619.90","319,339.90","323,059.90","326,779.90","330,499.90","334,219.90","337,030.00","338,000.00","339,000.00","340,000.00","341,000.00","342,000.00","342,700.00","347,571.00","353,142.00","358,713.00","364,184.00","369,744.00","371,867.00","373,990.00","376,113.00","374,975.90","380,359.00","382,482.00","384,605.00","386,728.00","388,851.00","390,974.00","393,097.00","395,212.00","395,212.00",..
Thailand,"213,830.00","215,160.00","213,740.00","212,450.00","213,380.00","214,310.00","215,240.00","216,170.00","217,090.00","218,020.00","218,950.00","219,880.00","220,810.00","221,740.00","222,670.00","223,600.00","224,530.00","225,450.00","226,380.00","227,310.00","228,240.00","228,280.00","228,320.00","228,362.70","228,420.00","228,460.00","228,420.00","228,470.00","228,457.00","230,000.00","232,719.00","235,000.00",..
Timor-Leste,"3,180.00","3,300.00","3,300.00","3,350.00","3,400.00","3,400.00","3,420.00","3,430.00","3,410.00","3,370.00","3,370.00","3,366.00","3,362.00","3,338.00","3,334.00","3,330.00","3,326.00","3,322.00","3,368.00","3,384.00","3,380.00","3,386.00","3,391.00","3,396.00","3,401.00","3,406.00","3,411.00","3,416.00","3,421.00","3,414.00","3,414.00","3,414.00",..
Togo,"31,600.00","31,850.00","32,050.00","32,300.00","32,500.00","32,700.00","32,900.00","33,300.00","33,500.00","33,700.00","34,000.00","34,200.00","34,400.00","34,600.00","34,800.00","35,200.00","35,700.00","35,950.00","36,350.00","36,550.00","36,650.00","36,650.00","38,500.00","38,200.00","38,200.00","38,200.00","38,200.00","38,200.00","38,200.00","38,200.00","38,200.00","38,200.00",..
Tonga,320,320,320,320,320,330,330,310,310,310,300,300,300,300,300,300,310,310,310,320,320,320,330,330,340,350,350,350,350,350,350,350,..
Trinidad and Tobago,770,810,810,810,810,760,760,710,660,670,670,600,600,600,550,540,540,540,540,540,540,540,540,540,540,540,540,540,540,540,540,540,..
Tunisia,"91,910.00","92,100.00","93,550.00","94,220.00","92,830.00","93,480.00","93,240.00","93,470.00","94,200.00","95,260.00","95,510.00","94,990.00","97,630.00","97,840.00","98,300.00","98,240.00","98,060.00","98,050.00","98,810.00","97,890.00","100,380.00","100,720.00","99,220.00","99,430.00","97,610.00","98,340.00","97,026.00","97,429.00","97,005.00","97,005.00","97,005.00","97,005.00",..
Turkiye,"396,770.00","400,670.00","399,040.00","399,130.00","401,490.00","394,930.00","393,640.00","392,420.00","399,190.00","403,020.00","404,790.00","409,680.00","411,960.00","406,440.00","412,100.00","412,230.00","404,930.00","395,050.00","391,220.00","389,110.00","390,120.00","382,470.00","384,070.00","384,230.00","385,540.00","385,510.00","383,280.00","379,640.00","378,020.00","377,160.00","377,620.00","380,890.00",..
Turkmenistan,"353,500.00","353,500.00","353,500.00","354,500.00","354,500.00","355,000.00","355,000.00","355,000.00","355,000.00","355,400.00","355,000.00","355,000.00","353,500.00","351,900.00","350,500.00","348,800.00","347,000.00","345,500.00","343,500.00","342,050.00","340,000.00","338,380.00","338,380.00","338,380.00","338,380.00","338,380.00","338,380.00","338,380.00","338,380.00","338,380.00","338,380.00","338,380.00",..
Turks and Caicos Islands,10,10,10,10,10,10,10,10,10,10,10,10,10,10,10,10,10,10,10,10,10,10,10,10,10,10,10,10,10,10,10,10,..
Tuvalu,20,20,20,20,20,20,20,20,20,20,20,17,17,17,17,17,17,18,18,18,18,18,18,18,18,18,18,18,18,18,18,18,..
Uganda,"119,620.00","120,320.00","120,520.00","120,820.00","121,020.00","121,220.00","121,720.00","121,720.00","122,420.00","122,620.00","125,120.00","126,120.00","128,120.00","131,120.00","132,620.00","132,620.00","134,627.50","136,635.00","139,142.50","141,150.00","142,650.00","143,650.00","144,150.00","144,150.00","144,150.00","144,150.00","144,150.00","144,150.00","144,150.00","144,150.00","144,150.00","144,150.00",..
Ukraine,"419,290.00","419,290.00","419,290.00","418,900.00","418,610.00","418,530.00","418,400.00","418,540.00","416,110.00","414,530.00","414,060.00","413,850.00","413,960.00","413,550.00","413,540.00","413,040.00","412,840.00","412,660.00","412,920.00","412,760.00","412,670.00","412,810.00","412,970.00","415,260.00","415,110.00","415,080.00","415,150.00","414,890.00","413,290.00","413,110.00","413,110.00","413,110.00",..
United Arab Emirates,"2,850.00","3,100.00","3,390.00","3,550.00","3,720.00","3,830.00","3,870.00","3,950.00","3,980.00","5,160.00","5,470.00","5,620.00","5,660.00","5,540.00","5,540.00","5,570.00","5,386.00","5,326.00","5,396.00","3,879.00","3,923.00","3,885.00","3,767.00","3,794.00","3,825.00","3,828.00","3,838.00","3,838.00","3,817.50","3,904.00","3,898.00","3,915.60",..
United Kingdom,"182,030.00","181,430.00","180,700.00","175,340.00","174,090.00","173,790.00","174,940.00","175,850.00","175,180.00","172,190.00","169,640.00","169,530.00","169,760.00","169,560.00","170,510.00","169,560.00","178,380.00","176,470.00","176,840.00","173,250.00","172,240.00","171,640.00","171,820.00","172,502.00","172,320.00","171,380.00","173,499.80","174,661.50","173,508.60","175,213.00","172,593.00","172,151.40",..
United States,"4,269,480.00","4,269,480.00","4,254,290.00","4,229,480.00","4,211,390.00","4,201,390.00","4,163,060.00","4,148,850.00","4,145,880.00","4,138,870.00","4,143,990.00","4,149,440.00","4,130,640.00","4,130,223.00","4,129,809.00","4,129,396.00","4,128,988.00","4,128,576.00","4,109,023.00","4,089,470.00","4,069,917.00","4,050,364.00","4,030,810.50","4,036,270.00","4,041,729.00","4,047,187.00","4,052,646.00","4,058,103.50","4,058,103.50","4,058,103.50","4,058,103.50","4,058,103.50",..
Uruguay,"149,170.00","149,210.00","149,250.00","149,300.00","149,340.00","149,380.00","149,410.00","149,450.00","149,500.00","149,540.00","149,580.00","149,620.00","149,230.00","149,270.00","148,290.00","148,320.00","146,950.00","145,500.00","146,740.00","148,140.00","144,330.00","145,260.00","142,370.00","143,467.00","144,751.00","144,676.00","142,653.00","142,229.00","141,908.00","141,273.00","140,634.00","140,696.10",..
Uzbekistan,"277,240.00","277,240.00","277,240.00","276,470.00","276,400.00","276,430.00","276,400.00","276,370.00","273,340.00","273,310.00","273,280.00","273,250.00","270,460.00","268,650.00","266,840.00","265,030.00","263,220.00","261,410.00","259,600.00","257,790.00","255,980.00","254,170.00","252,360.00","250,600.00","255,420.00","255,480.00","255,457.00","255,332.00","255,203.00","255,553.00","256,825.00","256,906.00",..
Vanuatu,"1,520.00","1,540.00","1,570.00","1,590.00","1,600.00","1,650.00","1,670.00","1,680.00","1,720.00","1,730.00","1,750.00","1,770.00","1,780.00","1,800.00","1,810.00","1,830.00","1,850.00","1,870.00","1,870.00","1,870.00","1,870.00","1,870.00","1,870.00","1,870.00","1,870.00","1,870.00","1,870.00","1,870.00","1,870.00","1,870.00","1,870.00","1,870.00",..
"Venezuela, RB","218,600.00","218,570.00","216,070.00","216,030.00","216,060.00","216,160.00","216,260.00","216,360.00","216,360.00","216,330.00","216,350.00","216,380.00","216,380.00","215,400.00","215,900.00","215,950.00","215,550.00","215,590.00","216,000.00","215,000.00","215,000.00","215,000.00","215,000.00","215,000.00","215,000.00","215,000.00","215,000.00","215,000.00","215,000.00","215,000.00","215,000.00","215,000.00",..
Viet Nam,"67,260.00","67,510.00","70,250.00","70,870.00","71,400.00","70,790.00","76,820.00","78,440.00","80,550.00","84,130.00","87,800.00","94,830.00","94,550.00","95,370.00","97,956.00","100,541.00","100,780.00","100,626.00","102,408.00","102,920.00","107,601.00","107,686.00","107,933.00","108,528.00","108,737.00","121,478.00","121,722.00","121,688.00","121,405.00","123,880.00","123,600.00","123,600.00",..
Virgin Islands (U.S.),100,100,100,100,90,80,80,80,80,70,70,70,60,60,60,60,40,40,40,40,40,40,40,40,40,40,40,40,33,33,33,33,..
West Bank and Gaza,"5,010.00","4,990.00","4,970.00","4,970.00","4,668.30","4,749.30","4,699.80","4,685.30","4,701.00","4,476.00","4,682.10","4,649.10","4,687.80","4,655.00","4,659.00","4,672.20","4,664.40","4,673.30","4,691.60","4,297.50","3,749.00","3,872.40","4,006.40","4,144.30","4,204.60","4,304.00","4,344.20","4,297.50","4,287.90","4,253.30","4,078.60","3,912.00",..
"Yemen, Rep.","236,260.00","236,310.00","234,810.00","237,250.00","237,300.00","237,360.00","237,550.00","237,200.00","236,800.00","236,680.00","236,690.00","235,950.00","236,560.00","234,950.00","235,570.00","235,230.00","236,270.00","236,270.00","235,170.00","234,520.00","235,790.00","234,520.00","235,010.00","234,990.00","234,516.00","234,326.00","233,858.00","234,520.00","234,520.00","234,520.00","234,520.00","234,520.00",..
Zambia,"208,110.00","208,260.00","210,650.00","212,020.00","214,730.00","216,530.00","218,340.00","220,070.00","221,740.00","223,540.00","225,260.00","225,550.00","226,160.00","229,090.00","228,970.00","227,620.00","230,480.00","229,840.00","230,870.00","235,860.00","234,360.00","236,360.00","238,360.00","237,370.00","237,380.00","237,390.00","237,390.00","238,390.00","238,390.00","238,390.00","238,390.00","238,390.00",..
Zimbabwe,"130,100.00","131,800.00","133,500.00","135,200.00","137,200.00","138,600.00","142,350.00","144,190.00","145,200.00","148,400.00","150,600.00","152,400.00","154,700.00","156,500.00","160,000.00","161,000.00","163,000.00","162,000.00","164,500.00","163,000.00","162,000.00","164,000.00","162,000.00","162,000.00","162,000.00","162,000.00","162,000.00","162,000.00","162,000.00","162,000.00","162,000.00","162,000.00",..