 ,1990,1991年,1992年,1993年,1994年,1995年,1996年,1997年,1998年,1999年,2000,2001年,2002年,2003年,2004年,2005年,2006年,2007年,2008年,2009年,2010年,2011年,2012年,2013,2014,2015,2016,2017,2018,2019,2020,2021,2022
Afghanistan,67.1,68.6,68.2,72.1,79.1,85.1,93.7,102.5,109.9,115.2,98.1,78.9,95.1,90.5,97.2,95.6,84.7,86.6,91.4,94.2,98.1,100.5,101.3,96.4,104.3,96.7,99.1,100.3,98.7,99.4,100.7,102.0,..
Albania,50.9,49.7,55.9,60.1,70.8,80.1,81.5,72.0,73.3,77.5,81.8,83.6,86.0,89.3,92.4,89.7,91.2,94.7,87.2,87.7,89.6,93.3,96.5,98.4,98.2,100.3,101.5,101.0,105.6,99.0,94.3,88.1,..
Algeria,43.6,43.3,45.1,47.6,48.5,49.9,50.4,49.6,52.2,52.0,59.0,57.5,59.8,61.0,65.0,66.9,70.2,70.0,70.2,74.6,79.0,86.1,91.4,96.4,100.6,97.6,101.8,100.2,96.2,96.0,96.5,96.7,..
American Samoa,..,..,..,..,..,..,..,..,..,..,..,..,..,..,..,..,..,..,..,..,..,..,..,..,..,..,..,..,..,..,..,..,..
Andorra,..,..,..,..,..,..,..,..,..,..,..,..,..,..,..,..,..,..,..,..,..,..,..,..,..,..,..,..,..,..,..,..,..
Angola,47.3,47.7,50.9,51.9,51.0,48.0,56.2,59.6,63.7,64.1,68.7,70.0,71.9,72.6,64.7,71.4,72.5,76.4,79.8,81.3,85.5,87.7,90.4,94.5,97.0,100.1,102.9,104.6,103.3,106.3,108.3,108.7,..
Antigua and Barbuda,222.8,246.1,235.0,248.1,250.2,243.4,235.9,232.6,231.0,243.0,246.2,259.5,250.6,267.9,269.7,276.6,278.2,269.7,270.1,249.2,105.5,112.8,100.5,103.5,100.4,98.5,101.2,103.0,87.0,91.9,100.7,94.2,..
Argentina,79.5,78.1,76.4,80.2,82.1,82.1,81.7,82.6,79.7,87.3,86.5,81.0,76.8,79.3,87.0,94.5,95.5,98.4,99.0,104.7,92.5,93.5,96.0,100.1,98.3,103.1,98.6,103.1,108.2,110.5,113.0,111.2,..
Armenia,..,..,58.5,51.8,51.7,53.3,53.8,53.8,56.0,55.7,57.4,56.5,58.5,61.9,66.6,70.0,75.5,79.3,82.7,81.5,80.7,80.6,81.8,87.5,94.6,100.3,105.0,106.9,102.0,101.4,101.2,95.7,..
Aruba,..,..,..,..,..,..,..,..,..,..,..,..,..,..,..,..,..,..,..,..,..,..,..,..,..,..,..,..,..,..,..,..,..
Australia,83.8,83.6,81.9,83.3,84.4,82.0,80.3,83.4,87.2,89.4,91.4,91.3,92.3,86.1,87.7,88.2,91.2,90.8,87.8,86.9,85.9,86.4,88.5,95.1,100.9,102.4,96.8,91.0,95.8,96.2,94.8,87.8,..
Austria,97.6,95.7,96.1,94.5,93.2,86.9,89.8,89.2,90.1,91.8,92.5,93.3,93.0,92.4,91.5,89.8,91.1,92.4,93.5,95.6,97.1,97.7,97.7,98.0,98.5,100.2,101.4,101.4,101.5,101.1,100.9,99.2,..
Azerbaijan,..,..,46.5,41.3,38.7,39.2,40.9,43.7,47.4,49.6,51.8,54.0,56.8,59.9,62.9,64.8,66.8,70.1,72.3,80.4,86.2,88.1,91.8,95.1,97.1,99.4,103.5,104.9,107.3,113.0,116.1,118.5,..
"Bahamas, The",57.4,48.2,54.1,52.6,45.6,78.6,104.7,86.4,129.8,126.0,70.1,74.3,75.0,87.1,87.8,89.1,88.9,88.2,89.2,94.0,95.5,99.9,93.9,95.5,98.5,99.6,102.0,100.6,100.4,98.2,97.3,95.2,..
Bahrain,15.4,15.3,17.8,19.8,14.0,13.3,14.1,21.9,20.4,22.0,26.4,21.3,21.9,19.8,17.4,19.0,19.8,22.1,22.5,28.0,24.4,40.1,63.3,86.4,81.3,98.8,119.9,147.8,149.1,137.0,125.7,133.5,..
Bangladesh,41.5,45.0,46.9,49.3,52.0,54.4,57.4,60.9,60.3,61.7,63.1,64.2,67.3,70.1,72.2,76.1,78.3,80.8,83.7,84.9,89.2,92.0,94.6,95.9,98.4,99.8,101.8,107.1,109.9,105.2,114.0,115.2,..
Barbados,94.4,92.1,80.7,77.6,73.9,80.3,92.6,86.4,86.2,84.5,79.0,80.9,76.9,83.3,89.2,95.1,90.6,97.7,94.6,96.2,95.4,94.9,95.0,91.5,94.5,103.7,101.8,102.7,106.0,107.6,86.0,89.2,..
Belarus,..,..,94.3,85.4,80.7,72.2,68.6,69.6,72.1,67.7,62.2,65.9,64.4,62.5,66.6,74.0,78.8,80.4,83.3,90.0,92.1,92.4,96.2,98.7,95.5,101.8,102.7,104.9,105.9,106.4,111.3,111.2,..
Belgium,..,..,..,..,..,..,..,..,..,..,97.3,98.4,98.3,94.9,94.0,89.7,90.9,91.2,87.5,87.2,92.9,92.7,91.3,94.5,97.1,102.1,100.8,102.5,104.9,102.0,104.9,104.9,..
Belize,43.1,43.7,48.1,34.6,44.9,46.7,47.6,46.9,46.7,51.2,51.8,75.4,80.4,82.3,86.6,77.9,77.6,76.1,74.7,77.0,79.1,79.2,82.9,92.4,95.4,101.5,103.1,105.2,110.1,111.9,102.4,107.6,..
Benin,45.6,50.3,51.7,52.4,56.0,53.5,56.2,56.8,60.1,59.3,68.9,69.2,72.7,72.9,78.6,81.3,80.2,82.5,75.4,71.5,83.7,89.4,92.5,97.5,97.4,100.3,102.3,104.8,106.8,118.2,121.4,107.5,..
Bermuda,..,..,..,..,..,..,..,..,..,..,..,..,..,..,..,..,..,..,..,..,..,..,..,..,..,..,..,..,..,..,..,..,..
Bhutan,156.8,17.7,15.2,15.8,16.4,18.4,20.7,25.2,29.2,28.8,25.0,25.5,22.9,21.7,23.7,21.9,56.2,54.8,61.7,65.0,66.8,70.7,85.2,79.6,85.0,98.6,116.4,129.2,135.4,146.7,157.5,146.2,..
Bolivia,44.7,41.3,41.2,42.9,46.0,48.1,49.6,51.1,53.8,54.6,55.5,57.0,59.3,61.1,64.4,68.8,75.9,86.6,89.3,79.5,83.5,85.8,90.6,93.6,95.8,100.9,103.3,110.6,111.4,112.7,112.6,117.0,..
Bosnia and Herzegovina,..,..,82.4,76.8,65.4,56.8,37.7,51.3,64.8,58.9,61.7,57.6,58.0,61.9,75.2,85.1,91.6,99.8,106.1,111.6,108.9,108.8,110.3,103.0,99.3,100.6,100.1,93.7,90.6,85.7,86.3,71.7,..
Botswana,73.1,118.4,110.2,103.0,99.0,120.3,106.2,103.6,100.1,89.7,100.8,107.6,92.8,92.9,103.9,108.3,106.8,108.7,113.5,120.4,131.7,134.4,134.5,121.1,101.0,105.6,93.5,91.9,89.9,98.6,88.5,99.5,..
Brazil,35.7,39.0,40.9,42.3,44.8,49.4,52.7,52.9,53.8,58.4,61.0,63.2,67.3,70.1,75.4,77.6,80.8,84.5,87.1,86.8,90.7,92.7,94.3,98.0,99.9,100.2,99.8,102.9,105.1,107.6,108.3,108.8,..
British Virgin Islands,..,..,..,..,..,..,..,..,..,..,..,..,..,..,..,..,..,..,..,..,..,..,..,..,..,..,..,..,..,..,..,..,..
Brunei Darussalam,12.3,14.7,23.0,22.7,24.4,24.4,19.6,28.2,34.6,44.2,50.1,59.2,66.7,64.5,60.4,41.9,78.1,82.3,85.1,85.2,89.4,96.7,98.6,107.4,99.8,97.0,103.2,99.4,102.7,100.7,109.1,120.0,..
Bulgaria,302.5,254.2,236.4,210.0,177.2,178.6,187.1,173.5,184.6,194.8,188.4,112.1,122.1,115.4,123.6,122.7,123.7,114.3,112.5,111.4,108.9,107.8,105.7,104.7,100.1,99.4,100.5,97.3,93.8,92.3,88.6,91.7,..
Burkina Faso,31.8,44.2,45.5,46.7,48.5,50.5,52.0,54.7,57.0,59.6,62.6,66.6,68.7,79.8,81.4,85.5,87.6,90.2,93.9,96.6,99.4,101.8,99.4,102.6,102.4,97.9,99.7,97.8,102.0,119.2,112.2,113.9,..
Burundi,65.3,73.2,70.7,70.9,67.0,56.6,53.2,49.3,51.9,62.3,56.7,52.2,50.6,50.3,46.1,59.1,70.8,67.5,64.7,70.1,71.0,78.4,91.1,74.9,92.6,98.1,109.3,127.6,131.0,131.1,122.0,128.1,..
Cabo Verde,67.0,71.4,104.6,107.7,88.0,117.0,84.1,99.0,114.6,115.8,108.3,98.5,96.6,92.0,100.5,102.8,96.1,96.6,93.1,105.4,100.7,92.2,94.3,97.3,97.5,99.8,102.7,92.6,87.3,92.9,98.5,99.9,..
Cambodia,57.4,60.2,70.4,73.6,72.7,75.3,78.5,83.5,85.1,86.8,99.2,99.8,96.4,100.0,102.6,108.9,112.6,107.7,101.7,100.3,98.7,101.0,99.0,100.4,101.8,98.5,99.6,100.4,98.3,96.4,88.1,92.9,..
Cameroon,66.7,68.7,68.8,70.4,68.5,69.9,73.9,71.0,74.6,80.5,80.2,83.8,80.9,81.1,88.0,90.0,92.4,94.1,100.7,99.8,94.9,97.3,92.0,99.6,99.2,100.3,100.5,99.8,100.0,100.2,100.5,100.7,..
Canada,82.2,72.4,74.1,73.0,76.4,78.5,80.8,83.9,89.4,94.6,96.4,98.4,100.6,97.8,106.9,106.4,103.2,101.9,103.6,101.8,100.4,92.6,90.5,89.8,97.4,99.0,103.6,109.0,112.7,116.0,117.1,120.9,..
Cayman Islands,..,..,..,..,..,..,..,..,..,..,..,..,..,..,..,..,..,..,..,..,..,..,..,..,..,..,..,..,..,..,..,..,..
Central African Republic,42.8,44.4,46.4,47.2,48.2,51.5,60.3,54.7,55.9,56.4,67.9,68.3,70.4,69.1,74.3,76.4,78.6,83.5,84.6,86.6,90.5,96.1,97.4,99.3,99.9,99.8,100.3,103.2,105.5,105.6,107.5,109.2,..
Chad,17.8,26.8,28.2,29.6,31.3,33.0,34.9,37.1,39.1,41.3,43.5,46.0,48.5,51.2,54.1,57.1,60.3,63.7,67.4,71.3,75.8,79.6,84.1,88.8,94.9,100.1,105.0,111.6,117.3,123.4,129.9,136.0,..
Channel Islands,..,..,..,..,..,..,..,..,..,..,..,..,..,..,..,..,..,..,..,..,..,..,..,..,..,..,..,..,..,..,..,..,..
Chile,51.9,52.1,53.1,58.4,63.3,67.4,69.4,72.4,74.8,73.0,75.3,80.0,78.8,79.0,84.4,87.9,96.3,97.3,100.7,96.3,96.9,99.7,104.1,99.1,99.1,100.5,100.4,96.3,101.8,102.5,106.9,105.6,..
China,30.3,33.8,37.1,41.6,47.3,54.5,53.5,58.4,63.3,66.8,68.1,69.4,71.3,74.5,77.3,81.3,83.3,82.8,87.1,90.3,92.5,92.9,96.5,97.3,99.2,100.7,100.2,100.0,100.5,97.0,98.3,108.0,..
Colombia,57.2,57.9,54.7,56.7,59.8,65.1,65.4,67.0,68.9,67.4,70.6,71.3,72.2,72.4,75.3,79.2,84.8,87.1,94.3,86.0,85.7,89.0,94.4,96.7,98.5,101.3,100.2,104.9,107.2,106.8,107.2,108.9,..
Comoros,63.1,86.2,87.8,89.8,91.8,91.4,92.0,89.8,91.9,95.6,91.3,95.8,98.3,89.4,90.7,91.4,93.4,96.2,97.3,99.9,101.8,103.2,103.5,106.4,100.7,99.8,99.4,99.5,97.5,99.0,103.9,98.2,..
"Congo, Dem. Rep.",94.5,91.4,95.3,96.4,97.7,95.4,96.2,98.7,99.2,96.5,95.5,94.1,92.5,92.7,93.0,93.8,93.2,93.4,93.6,95.7,95.9,97.9,97.9,98.2,98.9,100.3,100.8,101.3,102.3,101.0,104.2,106.4,..
"Congo, Rep.",31.9,32.8,33.5,34.5,34.9,35.8,36.2,37.5,40.5,41.6,42.8,44.3,45.9,49.8,54.6,62.7,68.3,73.8,79.2,82.2,89.8,99.6,102.7,98.4,93.0,107.5,99.5,102.6,103.3,106.5,107.6,109.9,..
Costa Rica,58.2,62.3,59.1,59.0,65.8,70.3,70.2,67.8,68.6,73.6,73.6,73.3,72.4,74.4,74.5,80.1,81.1,87.1,91.0,94.7,97.5,97.5,97.1,98.4,100.4,100.4,99.2,102.8,105.8,111.1,111.5,113.2,..
Cote d'Ivoire,62.3,61.4,62.7,64.1,61.5,61.8,60.1,64.3,65.0,65.9,67.7,69.3,70.8,72.6,76.1,76.3,77.6,80.1,83.4,87.0,90.4,89.7,94.4,102.0,98.2,99.3,102.5,107.8,112.2,113.2,114.7,117.1,..
Croatia,..,..,87.5,80.1,72.8,69.1,66.3,67.0,68.2,72.0,61.8,68.8,67.5,69.4,75.5,82.4,82.9,88.5,85.5,87.5,90.0,93.1,105.6,87.7,98.4,96.4,105.2,105.0,104.7,101.5,102.4,102.4,..
Cuba,126.6,103.1,82.0,76.6,79.9,79.2,81.5,75.1,77.7,82.4,82.0,77.8,74.3,72.5,69.8,65.5,68.7,83.5,90.4,91.6,91.1,94.0,92.4,96.0,98.0,95.7,106.3,105.2,105.4,104.2,81.6,78.6,..
Curacao,..,..,..,..,..,..,..,..,..,..,..,..,..,..,..,..,..,..,..,..,..,..,..,..,..,..,..,..,..,..,..,..,..
Cyprus,80.4,80.5,83.1,91.6,97.0,102.5,105.0,107.2,109.2,113.6,117.0,119.0,123.4,119.6,115.4,111.7,104.0,106.4,112.8,106.8,105.4,108.1,105.9,99.6,95.7,99.6,104.7,109.6,110.9,115.6,116.9,126.5,..
Czechia,..,..,..,164.2,140.3,142.8,141.2,134.2,136.9,132.5,127.1,128.3,123.9,121.6,119.7,116.6,113.4,118.4,109.8,103.9,99.5,98.1,93.6,95.5,97.9,100.3,101.9,101.1,100.0,100.4,102.9,104.6,..
Denmark,88.7,90.8,93.2,97.0,96.8,97.1,96.7,96.9,100.1,100.4,99.9,102.3,103.8,103.8,104.7,103.1,101.0,102.9,100.5,96.9,101.0,102.7,101.3,99.1,99.3,99.9,100.8,99.6,101.5,99.0,102.5,106.3,..
Djibouti,164.6,95.6,95.6,97.5,100.6,99.1,101.4,102.5,104.3,110.0,127.8,128.5,128.6,128.7,105.9,121.4,93.3,127.5,128.7,128.8,128.8,129.5,130.5,129.9,104.2,77.9,117.9,127.9,128.6,129.2,129.7,130.0,..
Dominica,88.5,89.9,88.0,92.6,94.0,90.8,96.2,96.4,96.2,98.0,98.5,98.7,98.5,98.7,98.1,98.2,95.8,97.7,97.8,97.9,102.6,103.4,107.2,101.5,100.9,99.6,99.5,99.4,100.6,100.7,103.3,103.6,..
Dominican Republic,50.6,48.8,53.1,54.4,51.6,56.3,59.3,53.8,59.0,61.7,67.0,81.8,81.5,74.2,76.4,89.6,98.4,105.1,99.9,101.8,95.0,96.5,90.5,95.1,94.6,101.2,104.2,99.4,104.3,108.7,104.9,106.8,..
Ecuador,38.2,41.0,42.0,44.7,47.9,52.5,56.9,62.6,59.5,63.2,68.3,73.8,73.9,74.8,77.1,76.2,85.0,89.6,95.1,90.5,95.9,100.3,97.4,104.0,105.6,98.7,95.6,100.0,101.6,105.7,101.6,100.5,..
"Egypt, Arab Rep.",39.8,47.6,49.9,51.4,53.4,55.5,57.8,62.8,62.8,64.8,66.0,67.3,77.8,83.4,79.7,83.9,87.0,94.1,95.9,94.2,96.4,97.9,101.2,102.2,102.6,99.7,97.8,102.5,99.0,99.8,108.8,107.5,..
El Salvador,58.9,60.8,61.1,63.5,63.6,62.8,63.4,72.8,71.2,71.5,81.7,77.3,85.4,80.9,83.6,90.9,95.0,97.9,96.3,98.1,96.7,92.6,94.7,92.5,98.9,100.7,100.4,97.0,96.3,95.1,91.7,90.5,..
Equatorial Guinea,79.3,81.0,82.6,84.3,91.6,92.9,94.2,95.6,96.8,98.6,99.5,100.1,102.3,102.2,107.2,111.3,103.8,101.9,106.0,106.0,115.0,115.6,117.3,87.8,100.3,105.6,94.1,99.2,91.5,100.2,112.7,99.6,..
Eritrea,..,..,..,54.2,57.7,59.2,65.0,66.3,72.4,73.4,75.8,76.0,75.0,81.5,83.9,86.0,90.4,98.6,89.5,99.1,100.3,101.8,102.7,100.7,99.9,99.2,101.0,104.9,105.8,106.3,106.8,107.7,..
Estonia,..,..,141.7,120.3,107.1,98.6,89.9,89.8,92.9,86.2,80.9,86.2,85.6,83.2,88.9,87.6,91.1,91.2,92.1,91.1,90.5,93.1,95.1,99.8,98.5,101.6,99.8,96.1,95.8,95.5,95.6,95.0,..
Eswatini,79.3,87.8,95.3,100.2,93.1,92.7,90.4,73.7,73.5,68.2,80.1,73.1,86.6,87.0,81.0,91.8,96.5,93.3,96.6,98.1,99.7,102.4,105.2,105.1,100.8,100.7,98.4,99.2,99.9,101.0,101.0,110.6,..
Ethiopia,..,..,..,44.1,44.5,45.2,49.2,49.7,50.8,52.3,52.1,53.1,75.3,75.4,77.2,75.3,81.9,85.4,94.5,88.5,107.5,98.0,96.8,95.1,98.8,101.5,99.7,105.9,107.5,115.8,126.9,122.0,..
Faroe Islands,89.1,90.4,90.7,92.3,93.3,93.5,92.6,93.4,92.6,92.7,93.4,93.7,93.9,94.0,93.7,92.6,91.3,93.2,92.9,92.9,92.9,95.4,95.4,98.8,99.8,99.5,100.7,101.6,100.9,101.2,93.3,91.3,..
Fiji,126.0,84.0,71.3,82.5,90.7,91.8,93.0,96.3,93.6,92.9,91.2,92.8,95.4,89.2,98.5,100.8,104.9,106.7,107.3,68.5,80.6,96.0,102.5,90.4,108.3,112.4,79.3,142.5,146.4,141.4,113.2,123.5,..
Finland,106.8,101.8,98.9,95.9,97.8,94.7,94.4,96.5,96.0,94.6,94.7,97.5,99.6,100.7,100.6,99.5,99.6,99.6,98.2,96.6,96.5,96.3,95.3,96.8,98.1,100.7,101.2,100.3,99.6,99.9,101.5,101.6,..
France,106.7,107.3,105.4,104.9,106.5,109.1,111.4,112.6,112.1,109.3,103.3,104.2,105.2,103.3,101.4,100.9,96.0,97.2,99.4,97.8,99.4,101.2,98.6,96.7,99.2,100.2,100.6,99.2,98.7,97.8,98.3,97.2,..
French Polynesia,75.0,76.7,76.3,73.9,75.8,80.6,70.9,71.4,72.4,79.5,79.3,84.3,79.8,79.2,82.0,84.3,81.1,86.3,87.7,94.4,91.8,89.8,93.3,76.8,81.6,110.9,107.5,103.8,109.3,107.5,107.3,108.1,..
Gabon,66.5,67.0,69.4,71.4,71.9,74.4,75.6,78.3,80.4,81.9,83.7,84.5,85.5,86.3,87.4,87.8,86.1,87.9,89.1,90.6,92.4,93.0,92.5,97.9,98.8,100.7,100.5,101.2,103.5,102.8,103.9,105.1,..
"Gambia, The",40.7,70.6,71.8,72.5,73.3,73.2,72.4,73.6,73.5,74.1,74.8,75.9,78.6,86.4,89.0,89.5,90.7,93.1,94.5,97.3,95.5,94.1,95.3,94.5,98.8,101.5,99.8,95.3,99.4,100.3,99.9,100.2,..
Georgia,..,..,109.3,103.7,112.3,124.2,132.4,139.5,130.4,129.3,132.7,138.1,144.0,148.4,145.7,146.6,112.3,112.3,103.7,95.0,99.6,92.6,87.7,93.9,99.3,102.8,97.9,99.1,105.0,103.5,102.3,104.5,..
Germany,107.9,99.5,91.2,88.9,86.1,87.3,88.2,88.4,88.3,90.1,88.6,89.8,88.8,89.0,90.2,89.6,89.8,91.9,93.8,94.7,96.5,98.3,97.0,97.7,99.8,100.4,99.7,98.9,98.5,98.1,98.5,97.1,..
Ghana,51.4,52.7,52.4,52.9,53.9,52.0,53.6,52.8,52.7,55.0,60.3,60.2,61.2,66.3,64.9,67.5,70.2,74.6,81.8,81.7,85.0,87.8,91.4,94.8,97.0,102.6,100.4,105.5,111.9,111.8,114.2,117.4,..
Gibraltar,..,..,..,..,..,..,..,..,..,..,..,..,..,..,..,..,..,..,..,..,..,..,..,..,..,..,..,..,..,..,..,..,..
Greece,113.0,111.8,111.7,113.0,112.9,115.9,114.9,109.6,109.0,106.3,110.0,110.1,111.2,115.4,111.5,114.2,111.5,107.6,110.4,110.7,110.2,109.1,108.5,113.9,101.3,99.7,98.9,96.8,93.8,94.0,96.6,97.2,..
Greenland,..,..,..,..,..,..,..,..,..,..,..,..,..,..,..,..,..,..,..,..,..,..,..,..,..,..,..,..,..,..,..,..,..
Grenada,78.1,77.8,74.1,72.8,79.9,82.8,78.0,73.4,70.3,77.3,76.1,80.1,88.3,88.4,86.6,85.9,113.0,106.4,101.2,104.0,99.9,100.2,100.0,94.2,99.2,96.0,104.8,101.5,119.8,128.8,141.9,142.1,..
Guam,..,..,..,..,..,..,..,..,..,..,..,..,..,..,..,..,..,..,..,..,..,..,..,..,..,..,..,..,..,..,..,..,..
Guatemala,34.3,30.2,29.8,32.6,34.6,36.6,37.9,40.6,40.1,39.9,40.3,45.7,51.4,51.1,51.7,52.5,55.8,58.4,59.3,65.2,67.1,70.7,76.1,78.9,97.1,99.8,103.2,106.0,108.8,107.5,120.6,114.1,..
Guinea,23.1,24.8,26.3,28.0,30.1,35.9,37.5,39.2,41.1,43.1,44.2,45.1,46.9,49.3,52.3,55.1,59.5,62.6,66.3,69.9,78.8,83.6,87.7,92.9,95.9,99.0,105.1,111.4,115.3,121.5,136.3,128.6,..
Guinea-Bissau,49.7,57.0,59.2,60.8,60.7,61.8,63.8,65.9,67.1,68.6,69.2,69.9,70.2,75.3,75.1,77.2,79.8,82.6,90.5,90.6,95.0,98.3,100.4,103.9,101.9,98.9,99.3,102.4,101.6,102.6,103.4,104.3,..
Guyana,29.6,30.8,39.0,40.7,44.8,44.0,53.6,53.5,51.6,51.9,51.4,52.6,57.6,71.8,74.5,72.1,67.3,76.9,73.3,80.8,77.0,84.7,90.7,93.1,96.8,100.9,102.3,100.0,123.2,121.8,130.9,139.1,..
Haiti,55.3,59.5,63.0,65.6,66.5,62.1,67.5,70.1,76.4,75.9,89.1,91.3,94.1,95.1,94.8,96.1,95.0,97.0,97.9,96.8,97.2,99.9,101.0,100.4,98.0,99.8,102.3,100.5,97.3,98.9,101.0,102.2,..
Honduras,47.8,49.1,50.6,49.7,65.2,63.4,70.3,68.6,70.1,69.3,70.1,69.6,76.2,82.4,86.1,90.1,92.8,96.7,103.9,91.8,91.0,94.6,96.4,95.8,96.0,100.5,103.5,105.0,106.8,108.2,104.6,112.2,..
"Hong Kong SAR, China",138.0,116.0,74.0,86.6,46.4,59.8,67.0,72.7,81.8,96.9,101.8,105.9,96.1,114.3,105.0,110.1,112.7,117.8,97.4,118.0,102.1,91.8,95.3,104.6,96.3,96.2,107.5,99.7,113.4,233.7,278.1,244.8,..
Hungary,183.8,152.5,137.5,123.2,113.9,112.6,116.9,113.6,116.5,116.9,124.3,118.0,122.2,114.7,108.3,101.3,97.9,98.5,98.4,96.1,89.5,93.0,91.5,88.5,96.2,101.4,102.5,100.4,103.9,103.5,100.1,104.9,..
Iceland,73.7,74.1,73.1,70.1,71.5,71.3,69.3,70.5,72.2,76.1,79.6,78.7,80.3,81.2,80.9,80.1,82.4,87.0,88.7,88.7,89.0,91.3,94.1,93.4,95.7,100.3,104.1,107.9,108.5,106.8,103.3,103.5,..
India,35.7,37.8,38.7,38.4,40.1,42.4,43.0,45.0,47.6,49.9,51.4,53.7,55.4,57.1,60.2,62.7,66.1,70.0,72.8,76.0,79.5,83.3,86.4,90.3,95.3,99.8,104.8,110.5,116.6,122.6,125.4,125.2,..
Indonesia,47.6,45.0,50.3,54.3,57.3,54.4,58.0,57.6,49.7,46.3,52.1,56.6,62.9,66.3,70.8,64.3,72.8,72.1,71.9,74.3,79.4,86.1,91.0,94.0,94.1,99.1,106.8,159.8,166.8,166.8,168.3,173.7,..
"Iran, Islamic Rep.",48.5,50.9,54.3,57.1,59.9,60.7,64.0,66.8,68.7,68.8,73.3,75.5,77.6,80.7,84.4,89.3,93.4,98.8,89.0,91.1,93.8,96.1,101.4,104.0,107.0,97.3,95.6,96.0,93.2,90.7,98.7,96.9,..
Iraq,156.3,65.7,74.3,85.1,84.7,75.6,72.6,82.8,85.4,93.2,106.9,115.3,119.7,79.6,87.8,102.9,95.0,97.4,104.7,99.6,108.2,119.2,122.4,110.5,111.5,98.4,90.1,91.9,96.8,107.9,110.3,107.2,..
Ireland,90.4,89.0,90.2,88.3,83.1,84.8,88.4,89.9,92.6,97.1,91.6,93.0,88.9,89.8,89.7,87.5,87.4,89.6,85.6,84.8,88.6,89.9,85.9,89.2,95.6,100.2,104.2,111.5,113.8,116.4,119.6,120.6,..
Isle of Man,..,..,..,..,..,..,..,..,..,..,..,..,..,..,..,..,..,..,..,..,..,..,..,..,..,..,..,..,..,..,..,..,..
Israel,43.7,46.2,48.0,50.1,53.7,53.1,54.0,54.9,52.4,55.0,67.4,68.6,73.7,75.0,76.3,77.7,77.7,83.3,87.2,84.1,86.3,87.2,92.0,91.2,98.2,100.2,101.6,104.5,103.9,103.1,107.3,103.7,..
Italy,115.9,106.2,108.3,109.5,109.9,113.7,114.9,115.1,111.4,115.6,114.4,113.5,114.2,110.4,110.3,109.7,107.2,110.7,114.5,111.7,109.7,106.9,109.3,103.9,96.0,101.5,102.5,100.1,106.3,107.1,104.7,107.3,..
Jamaica,75.4,72.2,75.1,68.6,68.9,70.3,74.5,75.7,78.9,84.5,85.2,86.6,88.9,93.5,91.7,94.4,91.4,91.3,93.1,92.9,90.0,90.0,92.0,93.0,94.9,98.3,106.8,106.9,109.1,109.4,104.4,106.9,..
Japan,98.0,98.0,99.4,99.3,97.2,95.6,94.3,93.9,93.1,93.0,92.3,89.4,92.4,91.7,91.6,91.1,91.8,92.5,92.7,93.5,92.8,90.6,93.1,100.8,100.0,99.6,100.4,100.9,101.9,102.5,103.8,105.3,..
Jordan,30.7,38.2,46.9,52.8,50.5,52.6,53.4,52.8,53.0,56.0,56.5,57.3,58.0,62.6,66.8,67.9,67.8,77.0,86.6,86.3,92.9,93.7,95.5,92.2,99.4,96.9,103.7,112.5,125.9,118.8,126.9,121.4,..
Kazakhstan,..,..,123.9,131.6,122.5,102.7,84.1,74.1,68.0,67.8,65.7,67.2,69.9,72.5,76.6,80.0,83.9,87.3,90.4,92.1,95.4,94.2,91.2,93.3,97.0,100.0,103.1,107.7,111.5,116.1,119.6,123.7,..
Kenya,54.7,55.9,55.3,54.4,54.7,55.1,55.2,57.9,57.7,62.5,60.5,65.6,71.3,74.4,80.6,86.7,90.1,94.7,99.7,105.6,105.4,106.1,102.8,103.5,103.5,108.6,87.9,78.3,85.3,105.3,103.0,102.6,..
Kiribati,50.1,50.6,51.1,51.6,51.7,53.4,53.7,54.2,54.2,53.7,60.3,65.5,72.8,72.9,74.2,77.3,82.1,88.4,90.7,91.5,93.6,94.8,97.0,95.1,98.6,100.1,101.4,103.5,106.0,106.7,108.7,110.4,..
"Korea, Dem. People's Rep.",94.3,95.0,77.0,68.9,64.5,59.7,53.8,45.1,53.8,63.9,75.1,87.5,93.2,95.5,96.5,96.2,93.5,91.2,90.6,93.1,94.1,98.3,99.6,99.6,98.7,99.4,101.9,102.0,100.7,102.7,97.0,94.7,..
"Korea, Rep.",46.4,48.1,58.0,61.4,63.0,64.8,70.0,74.6,77.0,79.9,76.2,74.0,76.4,77.8,71.5,73.6,77.3,80.0,82.2,86.6,85.5,79.7,90.1,97.0,98.2,101.6,100.2,98.9,103.0,105.2,109.0,109.1,..
Kosovo,..,..,..,..,..,..,..,..,..,..,..,..,..,..,..,..,..,..,..,..,..,..,..,..,..,..,..,..,..,..,..,..,..
Kuwait,25.8,1.3,7.0,14.6,22.1,29.8,27.6,36.2,38.7,37.1,36.8,36.3,38.9,39.4,38.1,40.1,40.0,45.1,40.7,61.9,55.4,81.6,91.8,75.0,90.8,92.9,116.3,114.2,124.0,116.5,115.9,127.2,..
Kyrgyz Republic,..,..,93.0,90.4,81.7,73.9,75.1,74.6,76.3,79.7,81.2,82.9,84.3,82.8,80.7,80.7,81.2,82.3,83.8,85.4,87.9,88.4,89.6,91.2,97.7,99.9,102.4,104.3,106.3,109.6,111.7,111.8,..
Lao PDR,48.7,44.1,46.7,51.1,54.0,63.3,63.5,67.6,70.4,79.3,72.3,78.1,82.8,91.3,93.2,96.4,100.9,103.0,103.9,95.0,103.9,118.3,112.7,86.7,84.5,111.8,103.7,122.1,103.2,171.9,169.4,182.7,..
Latvia,..,..,212.0,170.0,125.8,114.5,92.9,94.7,92.5,79.2,79.4,78.7,76.0,79.3,81.3,83.9,86.1,91.2,91.3,89.7,88.9,89.3,90.5,92.6,98.1,100.1,101.7,103.7,101.4,102.1,101.6,102.9,..
Lebanon,57.8,60.7,61.1,61.3,63.5,63.7,71.4,78.7,82.8,84.9,91.0,89.6,100.0,104.2,107.2,105.4,101.4,110.4,118.2,104.6,77.5,88.5,90.6,95.2,98.4,100.5,101.1,103.8,110.5,104.8,101.2,107.8,..
Lesotho,89.8,62.4,74.1,71.6,73.2,82.1,70.7,80.1,71.9,89.6,95.2,102.4,94.0,90.9,92.0,103.1,88.6,101.4,104.2,92.1,91.4,104.4,105.0,103.1,101.7,99.6,98.7,93.3,93.1,92.4,94.0,91.0,..
Liberia,52.5,54.6,54.5,55.0,55.3,55.7,57.3,58.0,58.9,60.2,62.8,63.6,64.5,65.4,67.0,67.8,71.0,75.0,79.1,84.4,90.7,95.5,97.7,95.9,99.0,100.4,100.6,99.8,104.6,106.1,106.0,109.8,..
Libya,79.6,79.9,78.4,78.1,82.8,91.8,97.1,94.2,99.3,101.0,94.5,96.3,99.1,99.3,101.5,107.3,110.0,117.6,114.0,122.3,127.8,126.6,126.8,126.0,100.6,105.0,94.5,95.9,108.1,106.4,114.1,118.4,..
Liechtenstein,..,..,..,..,..,..,..,..,..,..,..,..,..,..,..,..,..,..,..,..,..,..,..,..,..,..,..,..,..,..,..,..,..
Lithuania,..,..,184.4,139.3,118.6,109.0,107.0,112.1,110.7,101.3,100.1,90.1,95.0,95.5,101.3,105.7,106.1,110.1,102.3,96.4,97.1,98.2,98.9,97.9,101.0,102.0,97.1,97.5,95.0,94.6,92.4,91.2,..
Luxembourg,..,..,..,..,..,..,..,..,..,..,80.5,86.1,85.7,86.7,86.2,84.9,82.7,84.3,82.7,84.6,87.0,87.9,87.5,88.3,93.3,101.1,105.7,108.9,113.3,115.4,120.5,120.1,..
"Macao SAR, China",71.0,71.0,71.0,72.0,68.5,68.7,73.9,69.7,83.1,103.1,105.7,113.0,158.0,100.1,86.6,104.8,118.9,165.6,94.7,109.9,110.7,95.0,114.2,100.7,133.6,81.9,84.5,92.3,87.7,77.8,64.6,61.1,..
Madagascar,150.1,80.8,82.2,84.7,85.5,87.8,87.3,90.5,89.6,89.5,89.2,82.3,81.7,82.1,83.9,91.0,91.4,93.6,93.1,96.7,96.9,97.7,98.5,98.2,97.8,100.2,102.1,101.3,94.5,95.4,93.4,92.7,..
Malawi,17.8,20.1,20.5,20.6,19.1,20.1,24.8,22.1,23.5,23.8,27.2,29.0,26.1,27.3,30.2,29.1,32.4,37.9,43.9,48.3,49.5,62.7,73.8,82.2,90.6,101.6,107.7,127.7,162.4,145.9,143.2,161.9,..
Malaysia,38.2,39.3,43.7,48.2,50.8,51.8,51.5,52.1,52.4,48.4,47.8,50.5,53.3,54.9,59.0,62.7,65.3,68.1,69.3,71.9,79.3,81.4,84.9,89.9,94.7,100.6,104.8,102.8,100.5,97.5,102.6,100.4,..
Maldives,93.1,95.5,97.5,98.9,99.2,99.9,98.6,101.3,104.8,116.4,104.8,101.8,98.9,94.7,90.6,81.5,88.2,89.9,91.7,97.0,97.5,97.8,97.8,97.8,98.4,100.4,101.2,101.2,99.2,99.8,100.0,100.2,..
Mali,114.3,76.8,78.8,80.1,80.8,81.2,80.5,77.7,79.2,80.3,80.6,79.7,85.0,90.0,98.6,107.6,105.7,129.4,129.9,131.8,105.7,109.5,94.6,88.2,92.4,100.3,107.4,109.7,111.1,119.6,132.0,126.2,..
Malta,103.6,109.5,123.4,123.7,131.3,116.6,130.5,135.5,140.0,140.4,132.7,137.0,138.9,137.6,122.7,118.9,118.3,119.4,125.8,116.4,112.5,103.6,101.4,101.9,103.6,98.2,98.2,96.0,94.6,86.5,97.8,97.2,..
Marshall Islands,..,..,..,..,..,..,..,..,..,..,..,..,..,..,..,..,..,..,..,..,..,..,..,..,..,..,..,..,..,..,..,..,..
Mauritania,72.3,57.5,55.2,49.4,51.7,52.6,56.7,59.2,62.9,64.5,72.5,75.1,78.7,80.3,82.3,83.8,83.6,83.6,81.9,83.0,87.8,90.0,92.9,95.2,95.6,101.3,103.1,101.2,103.4,104.3,103.4,104.4,..
Mauritius,37.2,36.7,41.7,44.7,47.8,48.6,50.7,50.7,45.8,58.6,59.5,69.2,73.6,74.8,80.8,78.5,83.2,88.9,90.8,93.2,99.4,100.8,101.7,102.7,101.7,99.9,98.4,101.7,104.3,108.6,100.4,103.1,..
Mexico,53.7,53.0,55.0,57.4,60.0,62.6,61.1,63.7,67.2,70.5,73.3,75.8,77.7,79.1,81.8,83.6,86.3,88.1,89.8,91.0,92.4,94.8,95.0,96.3,97.8,99.9,102.4,105.2,108.6,112.0,114.9,117.5,..
"Micronesia, Fed. Sts.",..,85.3,85.4,85.3,85.6,93.1,94.0,94.0,94.0,94.1,94.1,94.1,94.0,94.1,94.1,94.1,90.5,96.7,85.5,93.8,91.4,97.2,92.7,98.7,98.5,100.2,101.3,103.3,103.7,104.8,105.8,106.7,..
Moldova,..,..,223.0,178.6,159.8,141.9,129.1,121.3,108.9,105.4,97.4,94.5,98.9,97.0,100.2,103.5,105.6,106.2,84.3,90.4,103.7,102.4,95.9,97.3,93.8,102.0,104.2,94.9,92.1,88.0,87.7,77.5,..
Monaco,..,..,..,..,..,..,..,..,..,..,..,..,..,..,..,..,..,..,..,..,..,..,..,..,..,..,..,..,..,..,..,..,..
Mongolia,72.0,75.2,68.1,60.4,58.1,62.3,71.4,67.1,74.8,82.5,80.3,62.3,57.3,47.1,57.9,54.7,52.5,58.1,65.7,80.1,61.0,66.5,70.5,80.1,80.7,114.1,105.2,110.7,127.4,132.4,171.6,127.3,..
Montenegro,..,..,..,..,..,..,..,..,..,..,..,..,..,..,..,..,120.9,123.1,98.1,82.2,77.1,104.6,89.7,105.5,98.3,95.5,106.2,95.3,98.9,101.0,107.1,106.9,..
Morocco,49.0,47.1,48.2,46.7,45.2,46.9,45.4,55.3,52.4,57.0,57.5,59.1,62.2,60.6,61.9,66.5,67.8,71.3,74.6,78.2,84.4,89.4,93.0,92.3,96.0,103.1,100.9,110.9,113.2,116.0,112.4,112.4,..
Mozambique,16.1,33.2,36.7,39.9,42.6,46.8,47.0,46.8,46.9,47.9,49.7,50.8,50.2,51.3,55.3,60.0,59.4,64.7,66.8,76.5,86.2,92.7,90.7,93.3,104.8,98.2,97.0,113.6,122.9,117.9,124.6,127.6,..
Myanmar,9.7,9.5,9.9,10.2,10.6,11.4,12.2,13.0,13.7,15.9,18.7,20.3,22.8,27.5,32.2,38.2,43.2,47.9,52.8,61.0,67.2,71.5,77.8,84.9,93.6,101.3,105.2,108.0,37.2,37.7,40.8,41.5,..
Namibia,149.7,100.0,95.9,96.7,97.8,92.4,91.0,72.9,80.8,105.5,131.9,112.2,110.3,115.7,102.8,101.7,99.4,101.3,103.0,103.9,104.4,104.6,106.3,105.9,103.4,97.8,98.9,103.0,97.3,96.7,96.9,98.1,..
Nauru,78.8,88.1,92.0,94.5,94.5,95.3,94.5,94.5,94.6,94.6,94.8,94.6,94.6,94.6,94.6,94.5,94.7,97.9,100.2,98.8,100.7,100.7,100.7,100.8,99.7,99.8,100.6,90.7,89.8,90.7,90.8,90.7,..
Nepal,58.1,50.5,50.9,51.3,53.1,54.4,55.3,58.9,61.0,62.3,63.6,65.4,67.1,68.6,70.1,72.3,73.9,76.4,78.3,81.8,83.6,87.8,92.3,95.7,96.7,98.1,105.2,108.7,115.7,120.4,142.5,142.2,..
Netherlands,96.6,91.7,94.7,94.8,92.5,93.2,93.6,88.6,95.8,94.4,93.2,87.3,85.9,79.3,82.4,82.7,81.7,83.2,84.1,85.8,86.7,89.2,88.7,91.7,94.2,101.6,104.1,100.6,97.1,99.2,102.1,103.6,..
New Caledonia,67.3,74.8,80.4,84.8,91.1,85.3,94.4,91.4,92.7,95.0,92.7,93.0,93.1,95.0,96.6,88.9,82.4,85.5,85.9,85.6,91.1,91.7,95.0,93.7,98.3,111.6,90.1,90.2,88.7,93.4,94.4,94.3,..
New Zealand,60.8,62.1,65.3,63.8,68.4,68.3,70.5,73.9,75.5,69.7,75.7,78.8,78.6,82.9,85.9,84.3,85.5,87.2,85.2,86.7,86.7,86.1,91.1,93.3,98.6,101.7,99.7,98.7,101.7,100.8,101.5,102.5,..
Nicaragua,30.9,27.2,29.2,32.1,31.9,31.5,32.0,33.7,32.2,41.0,47.3,49.0,50.6,54.1,58.5,61.2,66.6,71.3,74.4,79.7,85.3,88.3,86.2,96.0,98.9,97.0,104.1,117.5,115.6,119.4,123.2,126.9,..
Niger,69.6,64.0,71.7,76.0,78.5,76.5,88.7,91.5,96.5,101.9,64.6,66.8,67.1,70.9,71.9,79.2,82.9,80.6,81.6,85.4,89.9,89.7,95.0,87.0,89.5,104.2,106.4,111.0,113.3,115.6,124.6,115.4,..
Nigeria,50.4,50.0,50.8,55.2,60.2,61.9,63.6,65.9,71.9,75.2,74.7,81.1,85.7,83.4,86.5,87.3,85.9,92.9,95.1,98.7,98.4,95.0,90.3,98.5,99.8,102.0,98.2,100.7,103.8,103.4,101.1,101.4,..
North Macedonia,..,..,91.0,92.2,94.2,90.6,85.5,82.9,79.8,81.4,84.5,84.9,81.8,85.0,91.9,88.7,94.5,111.4,107.4,102.0,103.1,102.2,98.7,99.9,101.5,96.2,102.3,101.7,101.8,100.5,101.8,88.6,..
Northern Mariana Islands,..,..,..,..,..,..,..,..,..,..,..,..,..,..,..,..,..,..,..,..,..,..,..,..,..,..,..,..,..,..,..,..,..
Norway,93.9,91.1,93.2,93.1,93.5,92.8,93.9,94.4,94.2,95.5,92.1,90.7,90.7,91.5,93.8,93.8,94.4,95.3,98.0,97.9,98.9,97.4,97.7,100.1,99.3,99.6,101.1,102.0,103.3,101.6,101.5,104.1,..
Oman,30.4,32.5,31.8,36.7,37.9,39.5,41.4,42.2,45.1,46.4,43.8,44.3,43.6,43.7,60.2,69.8,64.6,73.7,70.8,68.3,83.3,77.8,100.0,118.5,92.4,95.5,112.1,112.0,133.6,113.9,128.9,129.5,..
Pakistan,35.4,37.1,39.3,41.9,44.3,46.8,47.0,49.1,49.8,51.4,52.8,54.3,55.8,57.4,59.0,60.7,64.6,66.8,69.1,71.5,74.0,76.6,79.3,106.3,97.9,100.6,101.5,110.0,113.5,117.9,122.2,126.6,..
Palau,..,..,..,..,..,..,..,..,..,..,..,..,..,..,..,..,..,..,..,..,..,..,..,..,..,..,..,..,..,..,..,..,..
Panama,46.8,52.0,50.2,51.8,50.4,54.8,57.0,62.5,68.3,64.6,65.8,66.9,66.8,64.2,66.2,67.9,70.5,75.3,77.5,80.9,84.7,91.2,97.5,97.1,99.5,101.3,99.3,101.1,104.7,108.2,104.9,110.8,..
Papua New Guinea,55.9,57.0,58.7,60.5,62.3,64.0,65.3,66.8,68.3,69.3,70.5,73.6,76.4,78.6,80.7,82.8,88.1,90.6,92.7,94.1,90.2,94.7,94.9,96.4,98.0,100.5,101.6,102.4,104.3,104.9,104.3,105.3,..
Paraguay,49.2,54.4,57.7,57.0,52.0,49.4,53.9,60.6,63.3,59.9,54.4,55.8,56.5,56.2,54.7,60.4,69.8,62.5,66.8,70.9,76.7,78.0,71.1,85.3,101.7,96.7,101.6,113.0,106.9,105.7,113.0,114.5,..
Peru,34.3,35.4,36.4,35.5,35.9,38.1,40.4,44.2,45.1,48.5,48.9,49.8,52.5,54.2,55.5,59.7,65.2,68.9,73.8,77.8,81.1,86.4,91.4,94.6,97.7,99.4,102.9,105.7,111.3,119.9,117.8,120.2,..
Philippines,36.0,40.6,41.2,44.2,45.4,47.6,51.5,54.8,57.1,60.1,62.8,66.6,69.4,71.1,72.3,73.6,78.3,84.0,85.7,87.0,89.0,90.6,93.5,96.2,97.2,101.7,101.1,97.9,98.1,100.1,94.2,86.5,..
Poland,108.2,98.5,91.4,85.4,79.6,81.7,84.4,84.4,88.3,87.1,83.5,83.1,86.3,88.6,86.0,87.7,92.0,95.2,90.9,92.2,94.6,94.4,95.5,94.7,97.8,101.2,101.0,109.6,113.9,115.1,117.0,114.3,..
Portugal,84.4,89.3,91.8,92.8,90.8,92.3,93.5,97.9,100.5,102.4,103.0,100.8,104.8,99.5,103.2,104.6,99.7,100.3,105.2,103.2,101.9,100.8,98.6,95.1,94.6,102.3,103.1,102.1,101.1,102.9,104.7,106.8,..
Puerto Rico,185.5,187.7,179.6,174.6,171.3,171.5,162.8,162.4,163.0,152.2,158.1,149.2,145.6,135.3,143.3,134.9,132.5,128.9,129.0,126.8,124.8,126.4,115.5,108.8,101.2,100.3,98.5,94.0,95.0,89.8,93.9,91.0,..
Qatar,40.9,52.1,58.6,59.3,59.5,66.4,68.7,64.4,57.2,62.6,68.0,54.4,68.0,61.6,62.4,55.4,50.4,59.5,49.2,67.7,60.8,70.4,78.0,93.3,67.8,122.3,109.9,108.9,153.5,142.7,172.3,174.5,..
Romania,138.0,136.3,123.9,123.3,126.9,121.0,117.6,116.2,109.1,107.7,102.6,101.5,107.4,117.8,112.7,115.2,115.1,114.7,109.7,110.5,103.0,103.4,98.6,93.5,99.1,100.0,100.9,99.3,88.0,87.6,86.2,85.5,..
Russian Federation,..,..,125.9,119.7,109.5,97.2,89.8,83.9,81.1,75.5,76.5,77.3,80.0,81.3,79.9,77.8,79.2,81.9,85.3,87.7,89.5,90.4,93.8,94.8,98.3,100.6,101.1,103.9,106.1,108.0,110.9,111.8,..
Rwanda,31.0,34.2,33.5,32.6,31.1,27.0,29.9,30.9,34.5,38.6,38.9,42.8,44.0,48.3,52.4,54.1,61.3,65.0,71.0,72.3,84.3,86.9,89.9,93.6,94.6,105.2,100.1,102.2,103.7,101.4,103.3,96.9,..
Samoa,110.5,106.6,102.4,97.7,105.5,95.2,102.6,102.1,103.1,104.3,105.9,112.2,107.3,109.7,109.9,110.1,108.9,103.8,101.5,99.3,106.7,107.7,107.8,105.3,103.7,104.3,92.1,83.2,73.3,49.7,68.8,78.6,..
San Marino,..,..,..,..,..,..,..,..,..,..,..,..,..,..,..,..,..,..,..,..,..,..,..,..,..,..,..,..,..,..,..,..,..
Sao Tome and Principe,37.7,53.7,62.7,60.7,60.9,61.3,66.2,68.5,70.6,74.1,80.7,83.8,87.1,89.8,90.6,93.2,89.8,99.4,96.2,102.5,104.8,83.9,85.6,87.3,100.6,99.8,99.6,108.3,103.4,104.5,100.5,106.2,..
Saudi Arabia,46.1,43.1,43.9,42.5,43.8,44.0,45.1,51.9,59.0,56.0,61.3,72.1,64.4,66.4,67.4,69.0,71.3,73.7,77.4,78.4,87.5,81.0,78.1,93.7,96.3,99.0,104.8,110.2,117.7,126.5,142.5,144.3,..
Senegal,47.3,49.6,48.8,49.8,50.7,49.3,48.7,50.2,49.7,52.7,56.9,57.9,53.4,57.3,57.5,62.3,65.4,61.7,66.7,72.2,75.5,75.7,88.9,98.1,95.4,100.7,104.0,114.5,118.0,121.0,130.7,132.0,..
Serbia,..,..,..,..,..,..,..,..,..,..,..,..,..,..,..,..,99.4,104.0,102.9,101.1,102.2,99.4,102.6,102.2,96.3,99.9,103.8,101.9,108.7,106.8,105.9,106.4,..
Seychelles,144.2,143.9,145.1,153.1,170.7,198.8,181.2,214.9,194.3,195.8,181.0,150.5,147.8,148.6,124.7,116.9,107.5,121.5,119.2,109.6,112.9,128.2,94.3,85.5,94.9,97.3,107.8,81.3,102.7,102.2,94.7,88.0,..
Sierra Leone,37.0,49.3,53.4,55.0,56.6,53.9,50.8,48.4,48.5,43.6,37.5,25.6,26.4,33.5,39.2,48.0,58.9,60.7,69.8,84.5,92.5,99.0,101.2,102.0,103.5,99.4,97.2,94.2,95.0,99.2,104.4,110.2,..
Singapore,447.5,380.9,311.0,202.8,150.7,148.6,117.9,162.2,140.5,149.9,59.7,60.0,81.4,87.7,99.6,74.6,76.9,81.6,73.5,72.6,73.9,82.3,86.0,96.5,94.3,98.9,106.8,139.8,113.8,127.1,128.0,114.8,..
Sint Maarten (Dutch part),..,..,..,..,..,..,..,..,..,..,..,..,..,..,..,..,..,..,..,..,..,..,..,..,..,..,..,..,..,..,..,..,..
Slovak Republic,..,..,..,225.9,210.9,201.3,206.2,202.7,194.3,190.1,166.3,159.0,170.1,169.1,155.6,157.2,153.4,152.4,142.9,131.3,126.3,119.6,118.0,118.0,104.0,95.9,100.1,101.2,99.7,106.9,101.0,91.7,..
Slovenia,..,..,89.1,109.7,117.1,115.8,105.3,106.1,108.8,108.6,98.6,118.6,125.1,125.6,117.4,111.2,113.5,110.8,113.6,108.3,106.3,103.5,101.4,95.9,97.3,99.1,103.6,103.9,103.3,103.5,104.4,105.1,..
Solomon Islands,67.6,78.3,78.4,80.4,79.0,80.9,81.6,77.2,83.6,82.9,83.3,85.1,88.1,89.0,91.6,92.4,93.8,96.0,97.1,98.3,97.8,97.5,98.5,99.4,100.3,99.7,100.0,101.7,100.8,101.3,101.9,102.4,..
Somalia,100.5,83.2,71.3,78.7,87.2,89.5,92.7,93.5,96.9,91.5,93.8,98.8,100.7,101.8,103.6,107.1,102.0,101.3,98.7,98.4,107.7,108.6,110.0,110.2,100.5,101.4,98.1,97.9,97.3,100.4,100.8,98.3,..
South Africa,55.3,59.3,58.7,55.6,50.5,50.1,49.6,62.2,51.8,55.8,56.9,58.3,59.0,61.9,64.7,68.6,73.1,77.7,80.3,80.9,86.9,85.3,87.2,93.5,98.4,101.5,100.2,95.6,98.0,103.0,104.4,104.2,..
South Sudan,..,..,..,..,..,..,..,..,..,..,..,..,..,..,..,..,..,..,..,..,..,..,96.7,97.5,98.7,99.3,102.0,102.0,102.5,105.4,101.5,112.5,..
Spain,68.6,71.4,70.9,70.8,70.3,72.1,75.3,77.2,84.7,85.9,87.0,90.2,93.0,94.9,92.7,91.0,91.5,91.9,94.3,89.0,91.6,94.8,94.1,90.9,94.5,99.8,105.7,107.0,110.3,114.2,118.2,119.7,..
Sri Lanka,46.2,49.6,53.8,56.8,61.6,63.2,61.6,62.2,54.4,53.2,58.2,62.6,63.2,64.7,65.8,67.2,61.4,65.5,66.8,68.8,73.5,71.5,89.0,92.0,92.3,98.6,109.1,110.6,115.7,113.7,123.9,126.3,..
St. Kitts and Nevis,216.2,221.3,219.0,208.1,217.7,221.4,222.1,224.8,219.3,227.9,199.8,222.2,201.3,214.8,208.1,189.2,126.0,141.9,159.1,149.4,148.0,142.6,105.4,93.7,98.6,103.7,97.7,74.0,75.9,64.0,66.0,74.6,..
St. Lucia,78.9,80.5,84.9,85.0,87.8,86.9,79.4,82.9,83.2,86.2,81.7,74.5,89.2,97.0,96.9,91.5,88.7,114.0,104.0,111.2,103.5,104.0,102.4,95.7,99.2,101.0,99.9,97.7,101.4,104.4,101.0,84.5,..
St. Martin (French part),..,..,..,..,..,..,..,..,..,..,..,..,..,..,..,..,..,..,..,..,..,..,..,..,..,..,..,..,..,..,..,..,..
St. Vincent and the Grenadines,104.1,100.4,99.7,100.8,103.1,102.2,99.0,101.2,98.4,100.6,97.7,99.6,97.6,91.5,92.3,96.8,96.4,104.8,109.3,113.9,106.8,100.5,97.4,102.8,100.5,99.6,99.9,98.3,96.0,93.7,93.0,94.1,..
Sudan,..,..,..,..,..,..,..,..,..,..,..,..,..,..,..,..,..,..,..,..,..,..,96.3,97.5,98.8,99.8,101.5,102.7,104.0,104.8,105.6,105.1,..
Suriname,130.3,119.5,114.4,103.0,76.8,75.1,69.8,81.3,70.0,74.4,74.0,77.5,77.9,76.8,81.2,89.1,87.1,108.5,91.2,109.9,113.9,105.5,110.1,92.4,95.9,99.5,104.6,109.8,107.7,118.5,113.4,125.2,..
Sweden,107.1,98.9,98.1,104.1,106.6,106.5,105.8,108.9,107.7,108.7,106.3,105.3,105.7,104.3,105.5,102.3,100.9,98.7,99.0,99.3,98.9,98.6,95.3,96.4,99.3,101.3,99.4,99.2,97.8,97.6,100.1,99.6,..
Switzerland,98.5,99.7,97.6,95.9,93.2,95.4,93.4,91.9,93.6,93.1,90.2,93.3,93.9,93.1,93.1,93.9,94.5,95.2,97.1,98.6,100.0,101.0,100.1,98.9,100.4,100.3,99.3,98.2,100.0,97.1,97.7,98.3,..
Syrian Arab Republic,69.9,71.7,69.3,58.6,64.0,74.7,78.4,83.3,90.7,91.7,94.7,90.4,88.6,99.8,110.5,117.6,125.8,132.7,121.8,119.0,109.6,121.3,114.7,107.7,103.2,98.2,98.6,85.7,81.8,84.0,99.4,98.3,..
Tajikistan,..,..,38.2,28.9,27.8,25.8,19.6,18.9,16.9,18.4,18.5,21.5,24.8,28.7,31.0,34.1,34.7,37.1,39.6,41.9,44.4,46.9,49.9,56.5,60.7,124.3,115.1,134.5,141.8,146.9,146.0,130.6,..
Tanzania,41.9,45.8,47.2,49.1,48.9,54.2,47.7,48.2,49.7,58.1,48.4,51.1,52.9,54.9,57.6,62.9,64.1,61.5,67.3,69.6,77.8,84.4,89.9,93.0,97.0,100.9,102.1,102.5,119.9,123.4,131.2,137.0,..
Thailand,59.3,66.2,74.4,75.4,74.8,74.4,75.5,75.6,74.2,70.7,69.9,70.4,74.4,78.9,67.6,74.1,78.9,83.5,83.0,84.1,87.8,88.4,96.2,98.4,101.6,99.8,98.7,99.7,100.7,101.3,100.2,102.3,..
Timor-Leste,85.6,85.3,89.3,92.6,83.7,84.1,71.7,87.7,88.7,72.8,70.9,71.9,81.3,79.9,79.4,80.7,83.5,86.6,89.9,92.5,94.2,97.7,101.8,98.0,93.8,105.6,100.6,98.6,98.8,105.9,91.8,77.7,..
Togo,56.6,54.1,50.5,50.1,49.0,43.9,48.2,55.2,58.5,61.7,66.6,69.1,71.0,74.2,77.8,85.6,88.7,91.5,98.5,108.2,95.8,96.9,94.0,100.8,97.0,98.2,104.8,105.0,108.9,113.4,119.6,118.2,..
Tonga,91.1,90.5,91.2,88.5,87.6,89.3,91.3,83.8,90.7,93.1,97.7,96.2,96.9,96.5,95.7,95.8,98.3,101.8,100.2,100.3,100.3,100.7,104.4,103.9,100.1,99.4,100.5,101.1,101.4,101.8,100.9,101.1,..
Trinidad and Tobago,53.6,54.9,52.0,59.4,54.2,59.3,60.0,55.4,52.8,58.6,73.0,86.0,104.5,101.2,100.8,101.8,87.4,96.0,95.9,106.9,116.0,112.2,113.3,112.9,112.6,83.9,103.6,108.7,111.2,92.0,84.5,84.5,..
Tunisia,45.7,45.6,47.4,50.6,52.7,55.2,57.7,60.5,65.4,71.1,74.4,77.1,78.6,74.3,73.9,76.2,76.1,81.5,81.5,80.7,83.9,83.7,88.6,91.3,96.8,101.2,102.1,101.8,98.9,98.8,101.8,105.3,..
Turkiye,50.3,44.9,44.4,45.1,46.8,42.5,44.7,47.5,48.7,49.7,48.7,53.5,52.5,59.3,58.5,60.7,62.3,66.0,67.1,70.4,73.4,79.2,89.2,94.7,99.0,100.0,100.9,109.9,115.1,124.5,126.8,131.9,..
Turkmenistan,..,..,28.7,35.6,36.1,37.4,38.7,38.3,42.0,45.3,50.5,58.3,66.3,71.8,70.7,79.1,81.1,97.8,96.4,99.9,95.3,96.0,101.0,100.5,99.8,100.8,99.5,98.3,100.9,110.0,107.8,107.0,..
Turks and Caicos Islands,..,..,..,..,..,..,..,..,..,..,..,..,..,..,..,..,..,..,..,..,..,..,..,..,..,..,..,..,..,..,..,..,..
Tuvalu,36.6,74.1,74.6,63.6,66.6,66.6,69.0,81.6,83.5,83.9,85.4,86.4,88.7,88.3,88.3,87.4,87.4,93.2,93.2,96.9,93.8,94.9,96.0,96.3,98.5,100.4,101.2,102.6,104.2,104.9,106.1,107.0,..
Uganda,39.2,43.8,44.8,46.7,45.2,46.2,47.0,47.7,49.5,51.1,52.4,54.4,61.7,70.7,74.4,78.3,80.7,85.3,86.4,89.9,90.4,93.5,94.9,96.9,97.8,99.3,102.9,102.3,112.2,107.7,100.1,101.4,..
Ukraine,..,..,177.9,157.9,154.5,138.9,126.6,111.9,106.0,104.5,100.5,99.2,106.2,106.3,102.4,101.8,104.0,101.2,98.2,98.0,99.9,100.2,101.3,105.8,104.0,99.0,97.1,97.6,95.8,98.9,94.3,90.7,..
United Arab Emirates,23.8,25.2,26.6,28.2,32.0,33.2,37.7,38.9,39.7,36.8,44.0,45.8,51.5,49.1,50.6,56.5,55.1,56.5,65.2,68.5,78.1,80.2,86.7,87.9,97.7,93.2,109.1,114.5,121.6,124.3,126.9,139.6,..
United Kingdom,99.8,98.4,100.1,99.1,101.9,102.9,95.6,95.8,97.9,96.8,93.9,89.1,91.6,91.3,91.0,92.2,93.1,92.9,91.5,90.5,94.1,95.1,93.8,94.7,98.7,100.5,100.9,102.5,104.3,105.0,105.7,104.5,..
United States,73.1,73.3,75.2,75.6,77.8,79.7,81.7,83.0,84.3,86.8,88.5,89.1,89.5,91.4,91.4,90.6,91.5,94.4,97.0,96.1,96.3,97.8,98.4,98.8,99.0,98.7,102.4,105.2,107.8,109.3,110.9,112.1,..
Uruguay,71.9,70.1,71.3,70.3,77.6,73.3,82.8,89.1,89.1,89.1,86.8,72.6,78.1,77.9,87.2,101.2,103.4,96.0,96.8,93.7,94.6,94.9,98.5,97.3,99.9,99.8,100.3,103.7,104.7,103.8,97.0,104.7,..
Uzbekistan,..,..,40.6,43.5,43.2,42.5,39.4,39.9,42.1,40.4,41.8,42.4,43.4,47.5,50.0,53.1,56.9,57.8,61.8,66.0,69.9,76.0,81.7,87.9,93.8,100.2,106.0,104.2,116.4,111.6,114.4,118.5,..
Vanuatu,87.7,98.3,96.9,104.9,113.1,109.8,106.7,110.0,104.6,111.9,110.2,96.3,86.6,98.3,95.9,101.4,101.0,108.3,114.3,100.2,116.9,112.0,116.0,115.0,108.0,98.0,94.1,89.7,82.9,83.4,78.7,85.9,..
"Venezuela, RB",73.1,63.7,69.1,74.9,68.6,68.5,73.4,80.3,78.6,81.9,88.0,93.4,94.9,85.8,76.2,87.2,94.0,95.1,99.3,103.2,104.8,121.0,112.8,105.1,104.5,102.5,93.0,87.1,82.1,81.9,83.8,82.0,..
Viet Nam,31.2,22.7,24.3,25.9,28.0,29.2,30.6,33.9,35.8,38.3,41.5,44.5,48.6,52.7,54.8,60.9,66.5,69.1,76.0,82.2,83.6,87.2,89.6,91.9,94.6,99.5,105.9,107.4,112.2,107.8,114.5,129.3,..
Virgin Islands (U.S.),..,..,..,..,..,..,..,..,..,..,..,..,..,..,..,..,..,..,..,..,..,..,..,..,..,..,..,..,..,..,..,..,..
West Bank and Gaza,..,..,..,..,91.1,100.0,96.6,104.2,110.9,125.4,125.4,135.3,142.7,157.6,147.6,155.2,141.9,132.8,129.2,113.3,106.1,110.0,109.0,93.2,105.7,99.1,95.2,100.9,121.1,116.1,97.2,115.2,..
"Yemen, Rep.",29.8,32.5,34.1,36.6,38.1,37.4,40.1,42.1,42.9,44.4,48.4,54.5,54.7,59.5,57.9,57.1,58.0,61.1,72.3,78.4,82.3,90.4,94.7,105.2,107.5,100.5,92.0,91.0,93.4,105.3,112.6,112.3,..
Zambia,33.8,44.6,44.5,45.0,42.6,41.8,41.4,42.2,44.3,46.9,47.8,49.9,52.6,53.0,52.1,53.7,52.5,54.5,62.5,77.7,89.5,90.9,96.8,107.1,111.3,94.5,94.2,113.3,113.1,112.9,111.0,112.5,..
Zimbabwe,22.9,82.8,92.2,67.1,69.3,72.3,86.5,86.3,92.5,97.5,100.5,99.5,91.2,88.6,87.2,90.0,86.1,88.7,89.7,96.1,105.6,110.3,112.6,113.0,93.9,102.3,103.9,102.0,103.6,106.7,105.6,130.2,..